station_id,n,bias,mae,sd_arch,r,lon,lat,n_swc,swc_arch,swc_api,swc_d
0009X,12,0.665,0.670000000000001,3.00079837861375,0.942419657376434,0.962999999523163,41.2140007019043,12,76.334,76.334,0
0016A,25,1.8748,1.8748,4.32698902240346,0.908375755555931,1.16400003433228,41.1450004577637,25,66.994,67.292,0.298000000000002
0034X,15,0.133999999999999,0.307333333333332,3.11606024148626,0.97941842705468,1.2610000371933,41.2929992675781,15,73.808,73.808,0
0042Y,12,0.0749999999999993,0.418333333333333,5.36218634739995,0.987733281885771,1.24899995326996,41.1240005493164,12,63.912,63.91,-0.00199999999999534
0061X,11,1.15181818181818,1.19909090909091,1.78160652731792,-0.164777147370087,1.51900005340576,41.4169998168945,11,77.68,78.6,0.919999999999987
0066X,11,0.369090909090907,0.438181818181818,2.79174660220248,0.97179030432493,1.67700004577637,41.3300018310547,11,70.87,70.87,0
0073X,10,1.64,1.678,4.228884801773,0.944147421502008,1.85300004482269,41.2439994812012,10,66.758,69.36,2.60199999999999
0076,25,2.0524,2.1988,5.12802132080851,0.884813422712698,2.0699999332428,41.2929992675781,25,66.098,66.642,0.543999999999997
0092X,11,-0.0245454545454568,0.119090909090911,2.16010227030616,0.994352597546032,1.85800004005432,42.101001739502,11,76.19,76.24,0.0499999999999972
0106X,11,-0.116363636363635,0.163636363636363,1.91394357283594,0.992864547739225,1.87300002574921,41.8660011291504,11,74.25,73.86,-0.390000000000001
0114X,11,1.62909090909091,1.77090909090909,2.13386248172395,0.429510137980808,2.02699995040894,42.0069999694824,11,75.25,75.13,-0.120000000000005
0120X,11,0.0963636363636353,0.0963636363636353,2.41024668673335,0.996259089383428,2.09500002861023,41.8129997253418,11,76.98,76.98,0
0149D,25,-0.0155999999999989,0.653200000000001,2.68019794045141,0.926109558609586,1.8400000333786,41.7200012207031,25,74.664,74.57,-0.0940000000000083
0149X,10,0.0429999999999993,0.236999999999999,2.69537649400681,0.982515508309876,1.8400000333786,41.7200012207031,10,75.101,75.101,0
0158O,25,-0.1536,0.419199999999998,2.90120992001613,0.984034332048111,1.83899998664856,41.5940017700195,25,80.188,79.166,-1.02199999999999
0158X,16,-0.0106249999999992,0.0106249999999992,2.77577496686361,0.99992012389525,1.83899998664856,41.5940017700195,16,79.43,79.43,0
0171X,6,0.151666666666666,0.151666666666666,2.3037657577685,0.997382374579643,1.61800003051758,41.5789985656738,6,77.265,77.43,0.165000000000006
0194D,10,0.0459999999999994,0.302,2.43882143667797,0.987961860968834,1.88499999046326,41.4080009460449,10,77.384,77.215,-0.168999999999997
0200E,25,0.496400000000001,0.496400000000001,4.69173031336343,0.953139494846804,2.12400007247925,41.4179992675781,25,75.362,75.362,0
0201D,20,-0.574,1.948,7.30292291879729,0.949382991328975,2.20000004768372,41.390998840332,20,59.662,60.846,1.184
0222X,15,-0.166,0.519333333333334,2.75202436312582,0.927256777395391,2.16799998283386,41.6129989624023,15,72.794,72.798,0.00400000000000489
0252D,14,3.81571428571429,3.87285714285714,5.35124310298577,0.679514709868886,2.53999996185303,41.5880012512207,14,65.276,69.414,4.13799999999999
0260X,11,2.30818181818182,2.37,2.70832084845607,-0.40621551711165,2.43099999427795,41.7599983215332,11,78.33,79.1,0.769999999999996
0281Y,11,-0.0145454545454555,0.0581818181818157,5.29784192770123,0.999639088169615,2.8050000667572,41.6769981384277,11,65.17,65.38,0.209999999999994
0284X,9,0.0322222222222245,0.0322222222222245,3.21975844504591,0.999770204571446,3.03099989891052,41.8079986572266,9,70.928,70.928,0
0294B,24,0.17125,0.571250000000002,3.0246537710592,0.964590573972782,3.04200005531311,41.9679985046387,24,71.029,71.559,0.530000000000001
0312X,11,1.70454545454545,2.30636363636363,1.79210135671152,-0.0505366609479569,2.36400008201599,42.257999420166,11,74.2,73.3,-0.900000000000006
0320I,11,1.75909090909091,1.88090909090909,2.03599741025018,-0.0224048817614202,2.1029999256134,42.3170013427734,11,73.9,73.91,0.00999999999999091
0321,23,0,0,1.74566928850287,1,2.16700005531311,42.2229995727539,23,74.29,74.29,0
0324A,16,-0.943750000000001,1.325,1.9169801555224,0.848033945085076,2.19600009918213,42.1910018920898,16,74.975,73.115,-1.85999999999999
0341,25,-0.912,1.0576,2.29712138701172,0.92123860217808,2.22699999809265,41.8470001220703,25,76.386,75.69,-0.696000000000012
0349,6,-0.0283333333333313,0.318333333333333,1.13323283868174,0.943743447820293,2.31699991226196,41.9259986877441,6,77.095,76.92,-0.174999999999997
0360X,11,0.990909090909091,1.09090909090909,2.01069368400786,0.80285795113844,2.55100011825562,42.0530014038086,11,72.39,72.39,0
0363X,11,1.01727272727273,1.38090909090909,2.1763706235173,0.238705610108579,2.51300001144409,41.8810005187988,11,76.01,75.97,-0.0400000000000063
0367,25,0.786,1.1028,2.91999503424235,0.909151657264413,2.76300001144409,41.9119987487793,25,69.742,70.348,0.605999999999995
0370E,11,0.54181818181818,0.69090909090909,2.85182174631012,0.918116673859251,2.81900000572205,41.9720001220703,11,68.84,68.81,-0.0300000000000011
0372C,7,15.8328571428571,16.2128571428571,1.82711847036854,0.358874890598097,2.76399993896484,42.1040000915527,7,72.718,73.55,0.831999999999994
0385X,13,0.156153846153845,0.156153846153845,4.30419845720134,0.99264495418871,3.20099997520447,42.0540008544922,13,71.824,71.824,0
0394X,14,0.796428571428573,1.05642857142857,2.30596419727646,0.804984292635557,2.47199988365173,42.2109985351563,14,72.81,73.606,0.795999999999992
0411X,17,0.06470588235294,0.338823529411765,3.55991004926017,0.982043804839274,3.09299993515015,42.2249984741211,17,71.608,71.8,0.192000000000007
0413A,5,0.488,0.744,2.00466206628449,0.735039218294378,2.75600004196167,42.3870010375977,5,76.956,77.194,0.238
0421E,17,0.0382352941176466,0.64294117647059,4.00981158791635,0.958885603750837,3.00600004196167,42.3899993896484,17,71.31,69.942,-1.36800000000001
0421X,11,0.0927272727272724,0.0927272727272724,3.8797947462111,0.997026747756814,3.00600004196167,42.3899993896484,11,69.06,69.07,0.00999999999999091
0429X,11,0.434545454545455,0.639999999999999,3.65971409712935,0.971244061924084,2.96000003814697,42.2589988708496,11,69.37,69.37,0
1002Y,7,0.241428571428573,0.364285714285718,1.38938492729354,0.94176863262389,-1.54299998283386,43.1360015869141,7,76.542,76.852,0.310000000000002
1010X,9,-0.0166666666666673,0.123333333333332,3.37117931887344,0.999087582457918,-1.67599999904633,43.2789993286133,9,71.34,71.214,-0.125999999999991
1014,25,-0.1896,0.256800000000001,5.47706785911343,0.995729048826565,-1.79200005531311,43.3569984436035,25,67.872,67.616,-0.256
1014A,9,-0.733333333333336,1.17333333333334,5.18640289603498,0.958146025367242,-1.79200005531311,43.3569984436035,9,68.634,67.258,-1.376
1021Y,10,-0.847999999999999,1.358,1.71836356261803,0.713197407528788,-1.79799997806549,43.2120018005371,10,78.613,76.338,-2.27500000000001
1026X,11,-0.0790909090909095,0.0881818181818181,3.58376287770778,0.99708080656789,-2.18400001525879,43.0579986572266,11,71.92,71.93,0.0100000000000051
1033X,15,1.372,1.52533333333333,2.80435494662617,0.396756677938816,-1.95099997520447,43.0849990844727,15,76.526,76.784,0.25800000000001
1037X,14,0.324285714285715,0.385714285714287,2.93897277786151,0.984688495101345,-2.33699989318848,43.0519981384277,14,76.508,77.117,0.609000000000009
1037Y,12,0.107500000000001,0.189166666666666,3.0665418288161,0.997749836113288,-2.31699991226196,43.0800018310547,12,75.715,75.736,0.0210000000000008
1038X,11,0.0881818181818194,0.168181818181816,3.86365488765613,0.995163536197417,-2.26699995994568,43.1720008850098,11,72.34,73.52,1.17999999999999
1041A,21,6.43809523809524,6.48285714285715,7.77658962466686,0.444209315594857,-2.25099992752075,43.3019981384277,21,55.15,62.53,7.38
1044X,16,0.0712499999999992,0.0899999999999999,2.8397626074492,0.993438475721271,-2.58899998664856,43.0579986572266,16,77.51,77.51,0
1048X,11,0.00909090909090857,0.00909090909090857,2.35539921341276,0.999938404058312,-2.46600008010864,43.0250015258789,11,75.14,75.14,0
1049N,9,1.00444444444445,1.01333333333333,2.15071564317038,0.229865241834945,-2.49600005149841,43.1380004882813,9,78.858,79.814,0.955999999999989
1050J,22,1.55909090909091,2.05363636363636,4.16680159088905,0.358262849068671,-2.41300010681152,43.2089996337891,22,75.627,74.978,-0.649000000000001
1052A,10,-0.187999999999998,0.187999999999998,5.53841744343795,0.997633929461138,-2.3970000743866,43.3170013427734,10,69.237,69.237,0
1056K,10,0.0200000000000003,0.0999999999999986,3.77966503512914,0.999253105020454,-2.6710000038147,43.3429985046387,10,72.757,72.876,0.118999999999986
1059X,15,0.072666666666666,0.240666666666669,5.5158120759452,0.997716706704475,-3.0220000743866,43.375,15,70.07,70.486,0.416000000000011
1060X,16,0.0137500000000008,0.160000000000001,3.77114991304598,0.994650167350606,-3.00600004196167,43.0499992370606,16,73.74,73.82,0.0799999999999983
1064L,11,0.949999999999996,1.21727272727273,3.86084705731786,0.66797459469856,-2.85999989509583,43.0960006713867,11,73.19,74.36,1.17
1069Y,14,3.70285714285714,3.72428571428572,3.21210416811367,0.433744027809277,-2.64400005340576,43.0989990234375,14,75.729,75.738,0.00900000000000034
1074C,11,-0.37090909090909,0.598181818181817,3.27437044608301,0.970821588479472,-2.70600008964539,43.2029991149902,11,72.77,72.04,-0.72999999999999
1078C,11,0.0190909090909085,0.0263636363636343,3.77079687743971,0.999898937565758,-3.21000003814697,43.1809997558594,11,71.64,71.64,0
1078I,20,1.9055,3.1125,3.88242392408606,-0.0149696507444365,-3.10500001907349,43.2029991149902,20,74.095,77.194,3.099
1082,24,0.0387499999999997,1.05708333333333,6.05437008296068,0.970353669509589,-2.90599989891052,43.2980003356934,24,66.147,66.485,0.338000000000008
1083B,5,8.912,9.108,4.97953813119249,-0.822091628468474,-3.16899991035461,43.2799987792969,5,70.054,74.742,4.68799999999999
1083L,3,0.346666666666664,0.386666666666666,10.1941960611582,0.999645159610895,-3.23399996757507,43.3950004577637,3,62.296,63.084,0.787999999999997
1089U,6,5.83333333333333,6.04333333333333,3.88640407917996,0.394000596293967,-3.47099995613098,43.2560005187988,6,72.98,72.9,-0.0799999999999841
1096X,12,1.0225,1.05416666666667,3.5910401970696,0.892917566592007,-3.47000002861023,43.3969993591309,12,74.172,74.154,-0.0179999999999865
1109,25,1.8124,1.8124,6.56183048648267,0.941525325712515,-3.82599997520447,43.423999786377,25,62.51,68.812,6.30199999999999
1109X,14,2.68357142857143,3.23785714285714,6.03969160845773,0.168296637698655,-3.83100008964539,43.4290008544922,14,65.134,69.316,4.182
1111,23,1.45347826086957,1.45347826086957,7.00035510110037,0.768992351234807,-3.80100011825562,43.4910011291504,23,63.614,68.464,4.84999999999999
1111X,8,6.155,6.155,6.99083979729393,0.539086828951884,-3.80100011825562,43.4910011291504,8,66.153,66.153,0
1124E,12,0.0199999999999996,0.0350000000000001,4.02214099477109,0.999781080081718,-3.84899997711182,43.2459983825684,12,76.261,76.261,0
1135C,13,0.63076923076923,0.68,2.24769340458739,0.746498872345164,-4.21400022506714,43.1469993591309,13,75.416,75.556,0.140000000000001
1152C,6,4.99166666666667,5.02166666666667,5.03458439198311,0.604042779710887,-4.04899978637695,43.2719993591309,6,70.975,70.955,-0.019999999999996
1154H,17,1.40176470588235,1.45,5.33262709784829,0.985916528976971,-4.02699995040894,43.359001159668,17,70.608,72.328,1.72
1159,21,0.909999999999999,1.75380952380952,5.30881746315909,0.515521594997971,-4.39200019836426,43.3930015563965,21,70.7,72.01,1.31
1167B,10,-0.181000000000003,2.199,2.0012332308965,0.216976583187412,-4.81300020217896,43.1440010070801,10,75.579,74.954,-0.625000000000014
1174I,22,-0.44090909090909,0.932727272727272,2.3080834800001,0.743781896628339,-4.60200023651123,43.1829986572266,22,74.654,74.652,-0.00200000000000955
1176A,10,2.916,2.916,2.98615248550148,0.0420557431082186,-4.66800022125244,43.2560005187988,10,76.521,76.836,0.315000000000012
1178Y,11,-0.0599999999999971,0.0599999999999971,2.95225029734639,0.999294423422606,-4.93200016021729,43.1450004577637,11,72.85,72.85,0
1179B,10,-0.0430000000000007,0.186999999999998,4.43684272127527,0.997904361605539,-4.85300016403198,43.3110008239746,10,76.514,76.877,0.363
1183X,18,0.710000000000001,1.57444444444445,6.082392594465,0.710282135107589,-4.7480001449585,43.4199981689453,18,71.722,71.444,-0.277999999999992
1186P,12,1.9025,2.22916666666667,4.67251603106999,0.778085045657695,-5.11899995803833,43.2669982910156,12,74.452,73.934,-0.517999999999987
1199X,12,1.7675,2.09083333333333,3.17052368774395,0.677045484573931,-5.39699983596802,43.3779983520508,12,75.623,76.485,0.862000000000023
1203D,13,1.31307692307692,1.31461538461539,4.11063177501265,0.632186394403498,-5.24700021743774,43.492000579834,13,77.568,77.566,-0.00199999999999534
1207U,6,0.410000000000001,0.410000000000001,3.88980590775427,0.966819033838046,-5.62099981307983,43.5229988098145,6,72.885,73.855,0.970000000000013
1210X,12,0.551666666666669,0.953333333333335,6.02943436715906,0.979006270660701,-5.84899997711182,43.6559982299805,12,70.343,71.491,1.14800000000001
1212E,24,1.21,1.6275,5.44614088538648,0.93133027834738,-6.04400014877319,43.5670013427734,24,70.976,73.67,2.69399999999999
1221D,13,0.0761538461538463,0.468461538461539,6.17259046729354,0.99491290208389,-5.77600002288818,42.9790000915527,13,56.934,56.508,-0.425999999999995
1223P,11,1.08090909090909,1.41,3.70810316616314,0.620414540032754,-5.82299995422363,43.132999420166,11,74.91,76.38,1.47
1226X,12,3.335,3.63333333333334,2.0212393063003,-0.108031819422643,-5.47700023651123,43.0950012207031,12,76.692,76.193,-0.499000000000009
1234P,11,-0.512727272727272,0.772727272727275,4.07669830756571,0.906196572874466,-5.81899976730347,43.2750015258789,11,73.34,73.68,0.340000000000003
1249X,8,8.08,8.08,4.4653265358122,0.387946992968827,-5.87400007247925,43.3530006408691,8,76.723,76.723,0
1272B,12,2.355,3.27166666666667,2.81333014684582,0.298742508667809,-6.38700008392334,43.2900009155274,12,76.34,76.646,0.306000000000012
1276F,11,1.57909090909091,1.65,1.94699675491162,0.326265356724159,-6.25699996948242,43.0999984741211,11,76.63,76.63,0
1279X,12,2.49333333333333,2.845,2.89455327060388,0.633833781194157,-6.23099994659424,43.4249992370606,12,74.604,74.042,-0.561999999999998
1283U,12,0.307500000000002,0.525833333333334,6.73302219503158,0.984822685827669,-6.46999979019165,43.5690002441406,12,71.52,73.721,2.20099999999999
1297E,11,1.98090909090909,2.26818181818182,1.79902347248319,0.00441706305930265,-7.01800012588501,42.7690010070801,11,77.98,77.64,-0.340000000000003
1302F,11,7.33545454545455,7.64636363636364,4.74918270480684,-0.161890262373433,-6.47300004959106,42.9550018310547,11,64.98,65.77,0.789999999999992
1309C,11,-0.21090909090909,0.236363636363638,2.17752194436286,0.990734844325623,-6.88500022888184,43.0270004272461,11,79.33,78.6,-0.730000000000004
1327A,9,0.445555555555551,0.463333333333332,4.93243882656215,0.990486837007286,-6.6729998588562,43.4659996032715,9,77.918,78.086,0.167999999999992
1331A,5,-0.672,0.832000000000002,9.41422434404449,0.997089734317765,-7.0310001373291,43.5250015258789,5,63.138,61.254,-1.884
1341B,10,3.732,3.732,5.05121866483723,0.320409208236599,-7.06099987030029,43.4160003662109,10,78.633,78.651,0.0180000000000007
1342X,11,-0.0599999999999984,0.0654545454545441,5.1009770900022,0.999421957583547,-7.08300018310547,43.5410003662109,11,68.47,68.4,-0.0699999999999932
1344X,15,-0.809333333333333,1.556,4.54641376199286,0.927517333421806,-7.36199998855591,43.4309997558594,15,74.824,73.148,-1.676
1347T,22,1.62772727272727,1.91681818181818,4.62536421872312,0.850197288246353,-7.35699987411499,43.6510009765625,22,73.329,73.455,0.125999999999991
1351,15,1.58333333333333,1.606,7.55387002674473,0.95584160832371,-7.68499994277954,43.7859992980957,15,70.96,71.692,0.731999999999999
1354C,9,-1.88222222222222,3.13333333333333,4.98844108358959,0.930419924328435,-8.25899982452393,43.476001739502,9,74.604,68.764,-5.84
1363X,11,0.549090909090912,0.576363636363638,2.23324916168837,0.969577991455125,-7.86100006103516,43.4459991455078,11,81.06,81.06,0
1387E,25,-1.7496,1.9,4.34313531142346,0.917882255382732,-8.37199974060059,43.306999206543,25,73.478,72.25,-1.22799999999999
1390X,12,6.76083333333333,6.77916666666667,3.32579541636511,0.514732693938316,-8.71100044250488,43.2039985656738,12,74.994,74.994,0
1393,15,-0.564666666666668,1.042,6.0327484852026,0.973155854564779,-9.21100044250488,43.1609992980957,15,74.01,72.182,-1.82799999999999
1399,24,-0.412916666666666,0.602083333333332,3.03993945401187,0.964503380356327,-9.04699993133545,43.056999206543,24,81.477,81.559,0.0820000000000078
1400,9,0.804444444444449,0.975555555555559,6.57083095540012,0.989030146468552,-9.29100036621094,42.9249992370606,9,75.552,75.552,0
1406X,13,0.0430769230769233,0.0553846153846153,2.65247320487203,0.998703149897719,-8.99400043487549,42.935001373291,13,81.87,81.874,0.00399999999999068
1410X,15,3.408,3.484,2.53690324908895,0.114182751281904,-8.02200031280518,43.0379981994629,15,77.204,80.924,3.72
1428,25,0.1068,0.736400000000001,2.34515081249231,0.936471157792221,-8.41100025177002,42.8880004882813,25,79.922,79.92,-0.00199999999999534
1435C,10,0.162000000000002,0.729999999999997,3.9704821985357,0.937672580528394,-8.87600040435791,42.7999992370606,10,79.322,77.711,-1.611
1442U,23,-0.820434782608695,2.15695652173913,4.63736133572776,0.861342531525731,-8.89200019836426,42.6440010070801,23,68.004,69.138,1.13399999999999
1446X,10,6.438,6.438,1.41815255408812,-0.279749074267964,-7.76800012588501,42.810001373291,10,83.675,83.86,0.184999999999988
1455I,9,1.66555555555556,2.33222222222222,1.59446002702413,-0.195590121519882,-7.9539999961853,42.7109985351563,9,80.016,79.576,-0.439999999999998
1465U,9,1.45,1.73,2.38042771600213,0.346764649817697,-8.19299983978272,42.6660003662109,9,80.792,80.792,0
1466A,10,1.623,2.043,3.68064139941819,0.63032953956296,-8.25800037384033,42.7010002136231,10,78.248,79.387,1.139
1468X,12,-1.0375,1.29416666666667,3.28177462616946,0.915936997866244,-8.5019998550415,42.6940002441406,12,78.192,77.889,-0.303000000000012
1473A,14,-0.98714285714286,1.55285714285714,3.15981185974909,0.924876642652489,-8.6269998550415,42.7379989624023,14,77.14,76.644,-0.495999999999981
1475X,25,2.4348,2.4348,3.83214835307821,0.905457965992443,-8.55599975585938,42.8759994506836,25,74.072,78.074,4.002
1476R,21,0.536190476190477,1.02095238095238,3.72876987247869,0.924030968518438,-8.71500015258789,42.75,21,79.03,79.23,0.200000000000003
1477V,11,0.358181818181817,0.876363636363637,4.69160197490251,0.959549024035875,-8.77499961853027,42.5849990844727,11,73.99,73.75,-0.239999999999995
1489A,11,-0.0718181818181824,0.113636363636362,2.6199628727418,0.992719974917558,-8.45100021362305,42.4070014953613,11,80.54,80.54,0
1495,25,1.0572,1.5924,3.849089719228,0.851913509063336,-8.62399959564209,42.2389984130859,25,75.608,79.08,3.47199999999999
1496X,11,-0.852727272727271,0.858181818181817,5.94502221113673,0.965781742708301,-8.72399997711182,42.2309989929199,11,67.24,65.43,-1.80999999999999
1505,24,-0.671250000000001,0.884583333333334,1.95453981944526,0.847164767766307,-7.45800018310547,43.1110000610352,24,80.617,79.144,-1.473
1518A,18,0.290555555555554,0.48611111111111,2.07994383094094,0.893329457803931,-7.55299997329712,42.9980010986328,18,79.712,79.72,0.00799999999999557
1521I,17,1.05764705882353,1.06470588235294,1.73685800665861,0.329231279943285,-7.49900007247925,42.8450012207031,17,79.29,80.126,0.836000000000013
1521X,14,0.0535714285714306,0.265000000000001,4.13211570745305,0.994837748501075,-7.18499994277954,42.8639984130859,14,72.327,72.369,0.0420000000000016
1541B,10,2.732,2.962,1.73311024205361,0.205506763446425,-6.33400011062622,42.9290008544922,10,74.154,74.154,0
1542,11,6.91181818181818,7.51727272727273,6.22504151136214,0.414051999139815,-6.41400003433228,42.9939994812012,11,56.22,55.81,-0.409999999999997
1549,25,0.157599999999999,0.4976,2.60495342248827,0.959773055839435,-6.59999990463257,42.5639991760254,25,76.776,76.35,-0.426000000000016
1561I,12,0.157500000000002,0.240833333333333,2.82042053064733,0.98997679303488,-6.67399978637695,42.765998840332,12,74.506,75.249,0.743000000000009
1583X,13,0.980769230769232,1.16692307692308,2.69893450011248,0.737262630571857,-6.99300003051758,42.4160003662109,13,77.348,77.332,-0.0159999999999911
1639X,12,2.06166666666667,2.41833333333333,1.67409315116808,0.527928205019873,-7.38399982452393,42.2599983215332,12,76.879,76.879,0
1658,9,2.84,3.01555555555555,1.96790497738077,-0.13702165254719,-7.19199991226196,42.5890007019043,9,79.566,80.03,0.463999999999999
1679A,18,0.0449999999999993,0.356111111111112,2.89578423572429,0.983495219069867,-7.51100015640259,42.5320014953613,18,76.427,76.479,0.0520000000000067
1690A,25,1.7484,1.9396,3.3451115078574,0.757742703118398,-7.8600001335144,42.3250007629395,25,69.356,73.084,3.72800000000001
1696O,11,0.167272727272728,0.219999999999999,1.73317889754898,0.979655012993603,-8.27799987792969,42.4679985046387,11,79.53,79.55,0.019999999999996
1700X,25,-0.646800000000002,1.1324,2.3256755291026,0.822034173928273,-8.09300041198731,42.4210014343262,25,78.558,78.094,-0.464000000000013
1701X,11,0.0227272727272727,0.128181818181818,2.72484661786844,0.996338272679144,-8.12899971008301,42.2999992370606,11,75.76,75.76,0
1706A,22,-0.0418181818181819,0.78818181818182,1.90868537746007,0.822968629780614,-7.7960000038147,42.1829986572266,22,78.73,77.881,-0.849000000000004
1719,12,2.03916666666667,2.1675,2.14799042800192,0.339681175951125,-8.2810001373291,42.2179985046387,12,80.277,81.372,1.09499999999998
1723X,13,1.37076923076923,1.71846153846154,3.398514758553,0.694830334036184,-8.49300003051758,42.181999206543,13,73.646,73.786,0.140000000000001
1730E,22,0.795454545454545,0.817272727272728,4.2003983783442,0.964319243898069,-8.84799957275391,41.9440002441406,22,67.045,70.299,3.25400000000001
1738U,20,2.8035,3.7685,2.06408486157655,-0.123812440341916,-7.98899984359741,41.9339981079102,20,80.548,79.833,-0.715000000000003
1740,21,-1.22238095238095,1.38619047619048,4.63841449717671,0.943845827560157,-4.12400007247925,43.3769989013672,21,74.11,71.78,-2.33
2005Y,11,0.100000000000001,0.129090909090909,3.23988916757685,0.992944009536648,-2.78299999237061,41.9679985046387,11,70.12,70.12,0
2017Y,10,2.779,2.813,3.50616425424962,-0.112049879079103,-2.49399995803833,41.9959983825684,10,67.302,68.323,1.021
2030,25,-2.016,2.016,2.36928259184083,0.861533015324918,-2.48300004005432,41.7750015258789,25,75.07,72.796,-2.274
2044B,11,1.23090909090909,1.37818181818182,1.76964557314324,0.168838286840518,-2.50699996948242,41.601001739502,11,72.68,72.82,0.139999999999986
2048A,10,0,0,1.83913294788604,1,-2.42000007629395,41.4189987182617,10,72.668,72.668,0
2059B,10,0.00499999999999972,0.0950000000000003,2.67863335801424,0.996926560345858,-2.78299999237061,41.3499984741211,10,73.171,73.171,0
2106B,11,4.24636363636364,4.32636363636364,2.86620655222194,-0.225323183308327,-3.38199996948242,41.7459983825684,11,74.2,74.59,0.390000000000001
2117D,15,3.196,3.232,1.95222534803844,0.5107573823456,-3.74300003051758,41.6660003662109,15,73.834,73.908,0.0739999999999981
2135A,10,0.339999999999998,0.479999999999998,2.18545596564602,0.958074171623171,-3.50699996948242,41.3730010986328,10,72.778,73.52,0.74199999999999
2140A,10,1.51,1.51,3.81064138666679,0.473245953135672,-3.78600001335144,41.4640007019043,10,73.218,73.218,0
2150H,19,-2.48947368421053,3.29052631578947,7.00975064417895,0.874872377447984,-3.47499990463257,41.1920013427734,19,51.172,47.77,-3.40199999999999
2166Y,14,-0.01857142857143,0.347142857142856,2.11169129133264,0.927284118388011,-4.125,41.5929985046387,14,74.546,74.826,0.279999999999987
2182C,12,1.88916666666666,2.1175,3.03848484470717,0.103490971730914,-3.78999996185303,41.1339988708496,12,72.33,72.992,0.662000000000006
2235U,21,-0.602857142857142,0.977142857142854,2.35584905329369,0.89166919917146,-4.51999998092651,42.8709983825684,21,72.3,71.59,-0.709999999999994
2243A,10,0.139999999999998,0.153999999999999,2.50631402661358,0.992241705353453,-4.27699995040894,42.7970008850098,10,73.581,73.627,0.0460000000000065
2276B,11,3.04181818181818,3.28363636363636,2.73864664652917,-0.347148010367175,-4.57499980926514,42.5690002441406,11,71.9,73.66,1.75999999999999
2290Y,9,4.81111111111111,4.88444444444445,2.28043855431362,-0.168101557689685,-4.19899988174439,42.2509994506836,9,75.046,74.782,-0.26400000000001
2296A,11,1.62181818181818,1.66545454545455,1.82031765459668,-0.0350377141256436,-1.97699999809265,41.7760009765625,11,73.83,73.91,0.0799999999999983
2298,10,-0.117000000000002,0.241000000000003,1.82323156327805,0.994924155900233,-3.13199996948242,41.9599990844727,10,72.11,71.789,-0.321000000000012
2302N,11,4.88727272727273,5.89818181818182,3.77256507866031,-0.0476857949001232,-3.11100006103516,42.1459999084473,11,67.43,66.86,-0.570000000000007
2311Y,10,5.689,5.689,3.24016271882207,-0.15650656865467,-3.76799988746643,42.1049995422363,10,73.178,74.232,1.054
2331,25,-0.167200000000001,0.573600000000001,2.79505384563518,0.96578950479431,-3.61999988555908,42.3569984436035,25,73.61,73.452,-0.158000000000001
2362C,8,-0.156250000000002,0.15875,3.87083139832849,0.997626649845862,-4.71400022506714,42.8940010070801,8,65.533,65.164,-0.369
2374X,22,-0.845909090909093,0.881363636363637,2.66014353679715,0.916329545442555,-4.61700010299683,42.351001739502,22,74.043,72.857,-1.18600000000001
2400E,24,-0.2075,0.661666666666667,2.93759538852216,0.956166934373237,-4.60300016403198,41.9959983825684,24,72.382,72.005,-0.37700000000001
2401X,11,4.15,4.72818181818182,1.79445965531283,0.0284037747342437,-4.56099987030029,42.0089988708496,11,75.71,75.45,-0.259999999999991
2422,25,-0.272,0.775200000000001,2.55970226133171,0.946024031783819,-4.75400018692017,41.640998840332,25,76.494,75.342,-1.15199999999999
2430Y,12,2.1325,2.1675,2.26794443708327,-0.0734382890972664,-5.04400014877319,40.5429992675781,12,74.208,74.856,0.64800000000001
2444,25,-0.284799999999999,0.4232,2.75622701048613,0.965967026180616,-4.67999982833862,40.6590003967285,25,72.712,72.792,0.0799999999999983
2453E,15,3.72266666666667,3.864,2.33486453160614,-0.422139197926615,-4.74200010299683,40.8289985656738,15,73.804,74.556,0.75200000000001
2456B,12,0.0891666666666673,0.112500000000001,2.29219409908472,0.990860473566124,-4.73000001907349,41.0709991455078,12,74.043,74.577,0.533999999999992
2462,25,-0.3068,0.3124,7.4456025500515,0.992766933241179,-4.01100015640259,40.7929992675781,25,48.462,47.164,-1.298
2465,25,0.0611999999999995,0.358799999999999,2.84481001123098,0.979489995715093,-4.12599992752075,40.9449996948242,25,74.628,74.14,-0.488000000000014
2471Y,14,-1.39142857142857,1.46857142857143,3.32534035273662,0.918662854254686,-4.21199989318848,40.7190017700195,14,70.65,70.467,-0.183000000000007
2482B,11,-0.0499999999999997,0.113636363636365,1.89905143785953,0.991389442681784,-4.37599992752075,41.1259994506836,11,76.17,76.18,0.0100000000000051
2491C,11,0.208181818181817,0.41,5.56012671536442,0.989127265427943,-5.69000005722046,40.3549995422363,11,55.49,56.37,0.879999999999996
2503B,12,1.49666666666667,1.50333333333333,2.35407190745197,0.167869197125252,-4.69199991226196,41.2799987792969,12,74.954,75.082,0.128
2507Y,13,-0.136153846153847,0.145384615384617,2.27131160571517,0.984067578154084,-4.96500015258789,41.423999786377,13,74.924,74.924,0
2512Y,12,-0.133333333333333,0.201666666666668,2.44699258831586,0.972507798283295,-5.01900005340576,40.8819999694824,12,75.327,75.327,0
2517A,10,4.887,4.891,2.59075900504509,-0.148729427796796,-4.94000005722046,41.1730003356934,10,74.291,75.776,1.485
2536D,10,3.039,3.043,1.74894380825813,0.0251013254364315,-5.27199983596802,41.548999786377,10,75.678,75.677,-0.00100000000000477
2539,25,-0.0187999999999988,0.311600000000001,2.52140688241043,0.982638219672266,-4.85599994659424,41.7120018005371,25,73.416,73.354,-0.0619999999999976
2555B,12,-1.40666666666667,1.76666666666667,1.38462416955255,0.569043829518463,-5.48099994659424,41.2369995117188,12,79.119,76.073,-3.04599999999999
2568D,12,0.159166666666666,0.475833333333334,2.86653880088334,0.908140665279245,-4.85099983215332,42.5239982604981,12,72.214,73.93,1.71600000000001
2593D,10,4.643,4.643,2.31550354494798,-0.0226869135678162,-5.04099988937378,42.0940017700195,10,75.425,75.425,0
2604B,12,1.85583333333333,1.90083333333333,2.06302440532576,0.00316117307729674,-5.03999996185303,41.8759994506836,12,74.749,74.752,0.00300000000000011
2611D,11,3.99545454545454,4.34818181818182,2.20085809711493,0.0315547698072201,-5.5920000076294,41.8559989929199,11,75.29,75.01,-0.280000000000001
2624C,11,-0.0718181818181824,0.0718181818181824,2.43150757574577,0.997557852735732,-5.00799989700317,42.9580001831055,11,70.65,70.65,0
2626Y,11,1.56636363636363,1.65545454545454,2.34210200849191,0.0646736637906417,-5.19299983978272,42.6199989318848,11,72.81,73.9,1.09
2630X,19,-3.25894736842105,3.54105263157895,4.66868653029186,0.819360742607252,-5.3769998550415,43.0620002746582,19,58.25,51.136,-7.114
2661,25,0.0620000000000005,0.605199999999999,2.33041891799164,0.936439311239461,-5.65100002288818,42.5880012512207,25,74.13,74.374,0.244
2664B,12,2.13333333333333,2.3,2.09469224614515,0.122224803781626,-5.50500011444092,42.2960014343262,12,76.104,76.392,0.287999999999997
2701D,11,2.20727272727273,2.23090909090909,1.80124401456327,0.129505802415852,-5.87099981307983,42.8860015869141,11,73.11,73.11,0
2728B,11,2.67090909090909,2.92363636363636,3.01436711282967,-0.326064441595622,-6.07100009918213,42.6479988098145,11,72.51,74.27,1.75999999999999
2734D,8,3.35,3.63,1.89611444802259,0.305948315594927,-6.07399988174439,42.4770011901856,8,75.471,75.471,0
2737E,20,-1.736,3.294,2.49278004814325,0.35745357375609,-6.19700002670288,42.3769989013672,20,77.292,74.475,-2.81700000000001
2742R,11,1.39727272727273,1.39727272727273,1.35794229359251,0.051672610238365,-5.78000020980835,42.4659996032715,11,76.17,76.32,0.149999999999991
2755X,22,-0.762727272727274,0.816363636363636,2.67029190809898,0.898276863024928,-5.66699981689453,42.0110015869141,22,75.863,75.601,-0.261999999999986
2775X,20,-0.548500000000001,0.697500000000002,2.94299185398662,0.955425496464101,-6.28000020980835,41.9410018920898,20,73.908,72.121,-1.78700000000002
2777K,11,-0.0999999999999982,0.132727272727272,1.86620129480377,0.982706754022375,-6.00699996948242,42.0779991149902,11,75.85,75.52,-0.329999999999998
2789H,11,0.00636363636363704,0.00636363636363704,2.04829818496855,0.999962776469497,-5.90899991989136,41.7859992980957,11,77.51,77.51,0
2804F,12,-0.00583333333333277,0.0225000000000009,1.66785836183757,0.999689937763208,-6.14200019836426,41.5340003967285,12,78.296,78.224,-0.0720000000000027
2847X,10,-0.0609999999999999,0.0609999999999999,2.0319189069558,0.996666433081209,-5.64300012588501,40.6759986877441,10,75.556,75.052,-0.504000000000005
2863C,11,4.15363636363637,4.15363636363637,1.80690946596165,0.071636266183298,-5.36600017547607,40.7319984436035,11,75.35,75.35,0
2867,25,0.8956,0.962000000000001,2.6133772530323,0.931624470664742,-5.4980001449585,40.9589996337891,25,73.338,74.594,1.256
2873X,21,-0.00904761904761826,0.311904761904763,2.66041645504716,0.981357771973369,-5.78000020980835,40.9039993286133,21,73.35,73.12,-0.22999999999999
2882D,4,0.202499999999993,0.362499999999997,3.08417871293694,0.994539526023705,-5.89699983596802,41.2389984130859,4,78.671,78.633,-0.0380000000000109
2885K,12,1.52833333333333,1.59833333333333,1.55628612894657,0.0807967989600545,-6.02199983596802,41.3040008544922,12,75.581,75.251,-0.330000000000013
2891A,12,1.33833333333333,1.36,1.93188712889441,0.316589958570058,-6.46299982070923,41.2630004882813,12,78.738,78.906,0.168000000000006
2914C,12,1.03083333333333,1.19083333333333,1.58148065451527,0.0497971531866759,-6.20300006866455,40.7859992980957,12,77.382,77.345,-0.0370000000000061
2916A,21,0.412380952380954,0.647619047619049,2.4618631156098,0.904720098485221,-6.43800020217896,41.0110015869141,21,76.94,76.99,0.0499999999999972
2918Y,13,0.00461538461538479,0.00461538461538479,2.07353562785885,0.999967862968857,-6.22399997711182,40.5690002441406,13,77.1,77.1,0
2926B,12,1.6525,1.82916666666667,1.56486324312924,-0.168752243524916,-6.60900020599365,40.851001739502,12,78.048,79.409,1.361
2930Y,13,-0.0161538461538468,0.0192307692307692,2.15066507304375,0.999601449086299,-6.81300020217896,40.2970008850098,13,75.068,75.068,0
2945A,11,3.55090909090909,3.69636363636364,1.76283552576782,-0.0438728985126937,-6.5770001411438,40.4850006103516,11,77.26,77.61,0.349999999999994
2946X,23,0.62391304347826,0.674347826086956,2.02839760351482,0.896033431357138,-6.59999990463257,40.6349983215332,23,77.092,77.282,0.190000000000012
2966D,11,5.03636363636364,5.04181818181818,1.78636553319353,0.15282601319082,-6.30100011825562,41.6829986572266,11,77.46,77.47,0.0100000000000051
2969U,22,-0.0745454545454552,0.135454545454545,2.13428070144349,0.990572507743474,-7.18300008773804,42.0270004272461,22,77.594,77.55,-0.0439999999999969
2978X,10,0.0769999999999996,0.111,1.653393816098,0.99283482047793,-7.42199993133545,41.9269981384277,10,76.977,76.977,0
3013,24,0.00250000000000009,0.00250000000000009,2.52692712368319,0.999988631257481,-1.87899994850159,40.8419990539551,24,71.528,71.528,0
3021Y,4,0.257499999999997,0.257499999999997,2.70893583042001,0.997231506360237,-2.20099997520447,40.7630004882813,4,74.477,74.477,0
3040Y,6,9.69,9.99,2.33749438501999,-0.292379710190079,-2.07599997520447,40.5719985961914,6,70.745,71.09,0.344999999999999
3085Y,6,3.63666666666667,3.9,2.40814243764774,0.61036352290121,-2.95300006866455,40.4080009460449,6,76.47,76.27,-0.199999999999989
3099Y,7,0.241428571428571,0.241428571428571,1.94484789465226,0.987087502671671,-3.49600005149841,39.935001373291,7,77.192,77.364,0.172000000000011
3100B,18,0.770000000000001,1.10666666666667,3.16717771933979,0.907405202415854,-3.5460000038147,40.0670013427734,18,72.305,75.226,2.92099999999999
3103,19,-0.14736842105263,0.610526315789473,2.02634014567271,0.920955151273714,-3.30200004577637,41.0040016174316,19,76.72,76.06,-0.659999999999997
3104Y,13,1.25846153846154,2.38461538461538,1.77358177361302,0.515582276925576,-3.88800001144409,40.8899993896484,13,72.482,71.368,-1.11399999999999
3110C,16,-2.864375,2.864375,1.97979460214101,0.830539828166184,-3.61400008201599,41.0069999694824,16,78.01,74.62,-3.38999999999999
3111D,7,1.87428571428571,5.91428571428572,4.55134412380929,-0.257593500591236,-3.57999992370605,41.1360015869141,7,66.572,64.056,-2.51600000000001
3129,25,-0.096400000000001,0.4796,2.39847173564056,0.947877281187922,-3.55599999427795,40.4669990539551,25,76.602,76.734,0.132000000000005
3130C,15,-0.399333333333331,0.577999999999998,2.14384900854248,0.920539641175032,-2.61800003051758,41.0859985351563,15,73.518,72.776,-0.74199999999999
3140Y,7,4.36571428571429,4.74571428571429,1.45515667623145,-0.572326389102075,-2.75999999046326,40.9850006103516,7,75.686,76.184,0.498000000000005
3170Y,9,-0.100000000000001,0.237777777777779,2.14585129442321,0.971749417318699,-3.28999996185303,40.5279998779297,9,75.55,75.55,0
3175,25,0.221199999999999,0.4916,2.42570938077916,0.959887068335007,-3.44400000572205,40.4889984130859,25,75.968,76.352,0.384
3182Y,7,-0.0100000000000011,0.0100000000000011,2.76512119772267,0.999980402440243,-3.49799990653992,40.3120002746582,7,75.198,75.198,0
3195,25,0.3944,0.4592,1.94420695057565,0.955675494878904,-3.67799997329712,40.4119987487793,25,80.928,81.226,0.298000000000002
3196,25,0.2784,0.668799999999999,2.01206668212893,0.870957875721128,-3.78600001335144,40.3759994506836,25,78.844,79.388,0.544000000000011
3200,25,0.0340000000000009,0.2388,2.35102303972831,0.98493170455201,-3.72199988365173,40.298999786377,25,77.388,77.98,0.591999999999999
3209Y,7,5.39571428571429,5.73857142857143,1.6307228896588,-0.298883135926076,-2.87400007247925,40.7649993896484,7,75.172,75.658,0.486000000000004
3229Y,8,1.3775,1.595,1.93398182884062,-0.115590797237105,-3.31200003623962,40.2470016479492,8,76.532,76.967,0.435000000000002
3245Y,6,0.0183333333333356,0.048333333333332,2.26354073669256,0.999132856044393,-3.50600004196167,39.6959991455078,6,76,76,0
3254Y,12,2.43166666666667,2.52833333333333,2.33702932386525,0.713611061113958,-3.78099989891052,39.6870002746582,12,76.291,76.466,0.174999999999997
3260B,25,0.0480000000000007,0.489599999999999,3.03014702613586,0.963081169115878,-4.04500007629395,39.8849983215332,25,74.738,74.604,-0.133999999999986
3298X,9,0.127777777777777,0.372222222222223,2.34896253695115,0.972902396958056,-4.35099983215332,39.5470008850098,9,77.848,77.9,0.0520000000000067
3305Y,8,0.0087500000000027,0.14875,2.36313011249305,0.991336735534657,-4.47700023651123,39.6310005187988,8,76.942,76.942,0
3319D,10,-0.095999999999998,0.109999999999999,1.37887071346245,0.985520093399205,-5.01300001144409,40.3400001525879,10,71.502,71.475,-0.027000000000001
3330Y,9,4.59333333333333,4.61777777777778,2.25413385681606,-0.434371746802878,-4.48699998855591,40.3129997253418,9,78.702,80.154,1.452
3337U,10,0.326000000000001,0.478000000000002,1.59646832449351,0.654083450885556,-4.45599985122681,40.4679985046387,10,79.17,79.351,0.180999999999997
3338,13,-0.573076923076922,0.888461538461535,2.08217218923917,0.909424555154436,-4.25,40.4280014038086,13,79.272,79.236,-0.0360000000000156
3343Y,9,-0.101111111111111,0.198888888888888,1.97821538541967,0.98369978275639,-4.06099987030029,40.4970016479492,9,79.158,79.034,-0.124000000000009
3362Y,9,0.67111111111111,0.682222222222221,2.17063930674813,0.659991920650984,-4.68100023269653,40.1080017089844,9,79.002,79.868,0.866
3365A,17,0.511764705882354,0.771764705882353,2.4636961114171,0.891526377960536,-4.86399984359741,39.9589996337891,17,74.818,75.318,0.500000000000014
3386A,12,2.60416666666667,2.63083333333333,1.75656409625223,0.163069995051284,-5.38399982452393,39.5919990539551,12,81.31,81.255,-0.0550000000000068
3391,13,0.309999999999998,0.777692307692307,2.39058087566117,0.89502769585992,-4.59100008010864,40.2890014648438,13,74.544,74.89,0.346000000000004
3422D,14,0.509285714285713,0.893571428571429,2.66755681113999,0.905026837708003,-5.31099987030029,40.1389999389648,14,74.608,75.093,0.484999999999999
3423I,11,1.12363636363636,1.12363636363636,2.28858392103859,0.199680648922517,-5.3730001449585,40.1539993286133,11,78.98,79.37,0.390000000000001
3427Y,4,-0.145,0.145,4.14902799862007,0.997640453972685,-5.11399984359741,39.9930000305176,4,73.629,73.455,-0.173999999999992
3434X,17,0.180588235294118,0.33235294117647,2.5779688767345,0.950038735463824,-5.58199977874756,39.9459991455078,17,74.078,74.078,0
3436D,11,1.69454545454545,2.11818181818182,1.92315555084015,-0.0906614459099356,-5.78499984741211,40.1110000610352,11,82.03,81.76,-0.269999999999996
3448X,14,-0.425714285714284,0.657142857142854,2.43490234928415,0.912720322512147,-6.1269998550415,39.8209991455078,14,79.138,78.819,-0.319000000000003
3455X,13,-0.0361538461538483,0.0376923076923084,2.11485557487127,0.998174245944441,-5.80800008773804,39.6699981689453,13,80.114,80.114,0
3469A,25,0.349599999999999,0.349599999999999,3.15084776951643,0.964538982957687,-6.33900022506714,39.4710006713867,25,75.758,76.316,0.557999999999993
3475X,12,1.29916666666667,1.87583333333333,3.3915754585309,0.763798726168317,-6.37599992752075,39.7910003662109,12,75.612,75.09,-0.522000000000006
3494U,12,0.924166666666666,0.924166666666666,2.50373584505598,0.695006836890329,-6.23999977111816,40.4080009460449,12,75.052,75.052,0
3503,12,0.688333333333334,0.838333333333335,2.10538199226015,0.776865875404864,-6.16800022125244,40.1889991760254,12,76.958,76.958,0
3504X,12,2.3625,2.76083333333333,1.76590156388552,0.212910842498086,-5.86100006103516,40.2649993896484,12,79.039,79.328,0.289000000000002
3512X,12,1.06416666666667,1.14083333333333,1.87088700402194,0.0878635038435602,-6.33900022506714,40.0810012817383,12,76.597,77.504,0.906999999999996
3514B,12,2.98666666666667,3.05333333333333,2.23205351163181,0.167910235894142,-5.67799997329712,40.2589988708496,12,80.127,80.063,-0.0640000000000072
3516X,16,1.236875,1.321875,3.08081962849715,0.608220138833232,-5.83199977874756,40.1209983825684,16,74.23,74.23,0
3526X,18,0.844444444444445,0.967777777777778,2.95946189464949,0.899806702175228,-6.55800008773804,40.0040016174316,18,74.457,74.304,-0.152999999999992
3531X,11,3.03818181818182,3.05454545454545,2.63561688483671,0.598673282608691,-6.41200017929077,40.2550010681152,11,75.04,76.71,1.66999999999999
3536X,12,2.09833333333333,2.25333333333333,2.16939228328762,0.614628015479417,-6.72399997711182,40.1749992370605,12,79.176,78.928,-0.248000000000005
3540X,12,0.946666666666667,1.68166666666667,2.68032378754146,0.697845069372919,-6.8600001335144,39.8709983825684,12,77.207,76.909,-0.297999999999988
3547X,14,-0.269285714285714,0.394999999999999,2.05416917244199,0.943698695007495,-6.89599990844727,40.2070007324219,14,78.391,77.658,-0.733000000000004
3562X,11,-0.137272727272728,0.20090909090909,3.14690988402621,0.991002607918573,-6.73600006103516,39.4269981384277,11,74.01,74.35,0.339999999999989
3565X,17,-0.177647058823529,0.231764705882354,2.37880515607904,0.969397081141986,-6.74499988555908,39.6180000305176,17,78.636,78.29,-0.346000000000004
3576X,21,0.483809523809522,1.17238095238095,2.85945299464276,0.86983737249054,-7.23099994659424,39.4150009155273,21,76.11,75.87,-0.239999999999995
4007Y,9,3.34555555555555,3.45222222222222,1.9550177606468,-0.0657281690334513,-2.74499988555908,38.9659996032715,9,75.7,75.612,-0.0879999999999939
4051Y,9,-1.17333333333333,1.19555555555556,1.89348737636258,0.818895307833848,-2.80699992179871,40.0610008239746,9,77.824,77.062,-0.762000000000001
4061X,5,0.130000000000004,0.130000000000004,2.65607228817289,0.99636352992018,-3.04800009727478,39.5970001220703,5,76.488,76.528,0.0400000000000063
4064Y,11,-0.199090909090909,0.235454545454546,1.81540328602465,0.970956013466995,-3.21600008010864,39.390998840332,11,77.4,77.22,-0.180000000000007
4067,16,0.208125,0.481874999999998,2.00310592164602,0.965045375088993,-3.52800011634827,39.492000579834,16,75.705,75.57,-0.135000000000005
4070Y,12,-0.441666666666666,0.48,1.71234798042355,0.921812936988625,-2.39499998092651,40.0190010070801,12,74.844,74.173,-0.671000000000007
4075Y,9,0.108888888888888,0.17333333333333,1.46604153344228,0.982044528705537,-2.50300002098084,39.8400001525879,9,77.884,77.836,-0.0480000000000018
4089A,7,4.34857142857143,4.39428571428572,1.98996171296023,0.590004051048694,-2.49600005149841,39.5169982910156,7,78.036,77.94,-0.0960000000000036
4090Y,6,0.0650000000000025,0.535000000000001,2.20514852107517,0.943330021010138,-2.4210000038147,39.4169998168945,6,75.26,75.555,0.295000000000016
4091Y,8,-0.218749999999998,0.95875,2.33043834012893,0.747743578744589,-2.59299993515015,39.2620010375977,8,75.115,73.876,-1.239
4093Y,11,0.390909090909093,0.503636363636362,1.5269053670742,0.647927308454192,-2.75999999046326,39.6559982299805,11,77.1,77.84,0.740000000000009
4095Y,8,-0.0924999999999994,0.0924999999999994,2.1258460500637,0.998225340506314,-2.70600008964539,39.5550003051758,8,77.208,76.924,-0.283999999999992
4103X,6,0.0616666666666651,0.251666666666668,2.09577670566308,0.986302064480054,-3.00699996948242,39.1689987182617,6,77.275,77.165,-0.110000000000014
4116I,17,0.467647058823528,1.54647058823529,2.34830023007882,0.614768885355298,-3.7409999370575,38.9500007629395,17,74.58,75.548,0.967999999999989
4138Y,8,4.04625,4.38375,2.17798071616807,-0.496504473466349,-3.00399994850159,38.7379989624023,8,77.058,77.537,0.478999999999999
4147X,10,-0.739000000000003,0.871000000000002,1.97545606548632,0.871865769412972,-3.39100003242493,38.7509994506836,10,76.622,76.116,-0.506000000000014
4148,9,-0.228888888888888,0.955555555555556,1.72522462305637,0.822139463525428,-3.56699991226196,38.5180015563965,9,75.92,74.704,-1.21600000000001
4193Y,14,1.83285714285714,1.83285714285714,2.54628969459314,0.641931020028418,-4.28399991989136,39.2179985046387,14,74.642,74.642,0
4210Y,5,0.0680000000000007,0.0680000000000007,2.2630996442932,0.999146504342571,-4.29199981689453,38.8979988098145,5,79.752,79.91,0.157999999999987
4220X,8,0.591250000000002,0.658750000000001,2.14599127943908,0.90911565468482,-4.62200021743774,39.0839996337891,8,74.945,74.931,-0.0139999999999958
4236Y,10,2.821,3.065,1.75872712809893,-0.000496295073787856,-5.02099990844727,39.4459991455078,10,79.555,79.321,-0.234000000000009
4244X,11,0.637272727272726,0.702727272727269,3.1209564384831,0.943599154973792,-5.06199979782105,39.1689987182617,11,73.38,73.29,-0.0899999999999892
4245X,16,1.62,1.64125,2.40233558230319,0.852109087601394,-5.33300018310547,39.4550018310547,16,76.67,79.41,2.74
4260,13,-0.793846153846153,0.881538461538462,3.29743431730233,0.960472568667842,-5.5770001411438,38.4799995422363,13,75.128,75.074,-0.0540000000000021
4263X,12,0.463333333333334,0.88,2.91890533134141,0.885862356452215,-5.35099983215332,38.4090003967285,12,73.771,73.538,-0.233000000000004
4267X,11,0.59090909090909,0.86181818181818,2.08299958538817,0.861681957135519,-5.12099981307983,38.4990005493164,11,76.46,75.14,-1.31999999999999
4300Y,13,-0.18153846153846,0.18153846153846,3.10766566693329,0.993825906427584,-4.84499979019165,38.7750015258789,13,74.48,74.314,-0.165999999999997
4339X,12,3.31833333333333,3.32,2.54954481974308,0.392462221828147,-5.36899995803833,39.3139991760254,12,80.405,80.404,-0.000999999999990564
4340,12,2.63916666666667,2.82583333333333,2.47714767546479,0.537221543965741,-5.46099996566773,39.1030006408691,12,72.925,73.881,0.955999999999989
4347X,12,1.80083333333333,1.98916666666667,3.72814225814543,0.723594056733554,-5.71000003814697,39.2830009460449,12,76.382,76.382,0
4358X,24,1.13541666666667,1.31791666666667,3.41011281104569,0.884379980873022,-5.88100004196167,38.9560012817383,24,69.837,70.58,0.743000000000023
4386B,11,-0.0981818181818167,0.143636363636365,3.25833169805431,0.995621641740966,-6.01700019836426,38.2319984436035,11,77.14,77.14,0
4395X,12,-0.0633333333333326,0.0633333333333326,3.4616604659929,0.99810050855977,-6.30700016021729,38.5519981384277,12,72.87,72.87,0
4410X,22,2.02090909090909,2.09090909090909,3.25706066198408,0.874111033466912,-6.38600015640259,38.9160003662109,22,65.76,66.8,1.03999999999999
4411C,11,0,0,3.04763962317188,1,-6.23099994659424,39.1980018615723,11,77.09,77.09,0
4427X,16,2.011875,2.064375,2.85687234284861,0.439960718234795,-6.43699979782105,38.4259986877441,16,70.78,73.65,2.87
4436Y,10,1.392,1.398,2.73627504303042,0.895174322767895,-6.36100006103516,38.6889991760254,10,73.813,75.147,1.33399999999999
4452,25,1.2832,2.0232,4.85818988924888,0.795799557745869,-6.81400012969971,38.882999420166,25,64.858,67.968,3.10999999999999
4464X,12,2.87083333333333,3.29916666666667,2.77539131830035,0.645045621344094,-6.99499988555908,39.181999206543,12,72.703,72.703,0
4468X,15,-0.162,0.59,3.03789040211099,0.946831128434946,-6.60099983215332,39.1769981384277,15,75.816,75.48,-0.335999999999999
4478X,18,0.75722222222222,0.872777777777777,3.29977539342586,0.856442813654659,-7.00799989700317,38.8880004882813,18,67.344,67.341,-0.00300000000000011
4486X,12,2.49166666666667,2.49166666666667,3.16646012085573,0.753576269399773,-7.08400011062622,38.6969985961914,12,72.54,72.54,0
4489X,15,0.647333333333335,0.688666666666667,4.07231185072114,0.883437431170201,-7.28200006484985,38.4850006103516,15,68.642,68.642,0
4497X,12,0.0399999999999991,0.138333333333335,4.40416641581376,0.997131999887508,-7.15799999237061,38.3720016479492,12,69.252,69.252,0
4499X,12,-0.0299999999999988,0.161666666666667,2.18020780216154,0.986962465272391,-6.27199983596802,38.0810012817383,12,79.03,78.915,-0.115000000000009
4501X,12,0.125833333333333,0.155833333333334,3.5541715780278,0.996993815277157,-6.31099987030029,38.2089996337891,12,77.099,77.099,0
4511C,7,-0.475714285714285,0.767142857142856,2.78613488888238,0.865775834676639,-6.7649998664856,38.298999786377,7,70.26,70.26,0
4520X,12,0.095,0.095,2.98927578135068,0.997730364934787,-6.66200017929077,38.1780014038086,12,75.303,75.303,0
4541X,15,-0.0899999999999996,0.175333333333333,5.63704355136626,0.997447676080811,-7.51999998092651,37.5540008544922,15,57.552,57.356,-0.196000000000005
4549Y,17,2.00470588235294,2.26823529411765,8.04576528184785,0.929027714511572,-7.39499998092651,37.1949996948242,17,48.118,50.038,1.91999999999999
4554X,12,0.00083333333333376,0.00083333333333376,5.57824643892087,0.999999870679538,-7.08400011062622,37.2179985046387,12,57.352,57.352,0
4560Y,8,-0.101250000000002,0.156249999999998,6.36474665638783,0.998217775039452,-6.67500019073486,37.8689994812012,8,67.844,67.844,0
4575X,12,0.057500000000001,0.455833333333332,5.39445920843926,0.986836618931619,-6.7519998550415,37.5719985961914,12,63.647,65.279,1.63200000000001
4584X,12,0.00166666666666752,0.00166666666666752,6.9969720723909,0.999999659675229,-6.94199991226196,37.7319984436035,12,56.834,56.834,0
4589X,12,0.0750000000000005,0.0750000000000005,5.56787702319785,0.998916825468834,-7.11899995803833,37.5979995727539,12,63.043,63.043,0
4622X,9,-0.804444444444446,1.25111111111111,5.43098978087788,0.972398012059039,-6.63700008392334,37.451000213623,9,60.986,59.954,-1.032
4642E,25,0.658000000000001,0.8964,6.78388708632448,0.980073560393233,-6.91200017929077,37.2779998779297,25,49.298,50.452,1.154
5000C,16,0.183750000000001,0.331250000000001,11.4090326057909,0.998247402856236,-5.34700012207031,35.8889999389648,16,23.085,23.59,0.504999999999999
5038Y,9,0,0,3.46324270012946,1,-3.00399994850159,37.9160003662109,9,76.622,76.622,0
5060X,9,0.11777777777778,0.208888888888887,1.3968605672881,0.969773899282172,-2.2279999256134,37.8610000610352,9,76.002,76.498,0.496000000000009
5164B,6,1.305,1.305,2.6940749803968,0.675466755669063,-3.46199989318848,37.9970016479492,6,72.365,72.365,0
5165X,11,-0.202727272727273,0.440909090909092,1.55250003659786,0.8803887668048,-3.56399989128113,37.7809982299805,11,79.52,79.17,-0.349999999999994
5181D,15,0.808666666666665,1.678,3.99581388097952,0.857323153723285,-2.89000010490418,38.314998626709,15,70.086,71.46,1.374
5192,5,-0.0560000000000002,0.0560000000000002,3.43536460947015,0.999375412353316,-2.63800001144409,38.4889984130859,5,75.338,75.338,0
5210X,9,0.183333333333334,0.805555555555556,2.28996421612023,0.952450847961175,-2.99799990653992,38.1749992370606,9,74.21,73.65,-0.560000000000002
5246,12,-0.00333333333333149,0.231666666666668,2.00150095193733,0.984813544299566,-3.53500008583069,38.3440017700195,12,79.712,79.42,-0.292000000000016
5270B,25,1.796,1.796,4.35242262041115,0.902281568015077,-3.80900001525879,37.7770004272461,25,70.53,73.524,2.994
5279X,15,0.219333333333335,0.671333333333335,3.65974016772203,0.965044079150294,-3.62899994850159,38.1510009765625,15,73.148,74.72,1.572
5281X,10,0.710000000000001,0.710000000000001,3.07622947417415,0.976106093646291,-3.78200006484985,38.0929985046387,10,70.708,70.708,0
5298X,10,0.666999999999999,1.225,4.40540841844809,0.940201910428832,-4.06300020217896,38.0229988098145,10,64.705,64.601,-0.104000000000013
5304Y,11,0.925454545454545,0.961818181818179,2.33653161759048,0.7895908270527,-4.05900001525879,38.6689987182617,11,75.79,75.79,0
5341C,9,-0.0444444444444435,0.0866666666666652,2.08855279506595,0.996103868817643,-4.30200004577637,38.4290008544922,9,75.494,75.494,0
5346X,14,0.401428571428573,0.607142857142858,3.58692382515611,0.896815331499832,-4.27199983596802,38.1870002746582,14,75.192,75.192,0
5361X,11,0.419999999999998,0.869090909090909,2.97612194276072,0.957530964983268,-4.32999992370605,38.0130004882813,11,66.14,66.54,0.400000000000006
5390Y,14,0.00642857142857269,0.243571428571429,3.49415689653204,0.989604150114064,-4.60900020599365,38.3330001831055,14,78.154,78.052,-0.10199999999999
5394X,12,0.745833333333335,0.779166666666669,3.4307287855498,0.940789537879318,-4.79699993133545,38.0209999084473,12,74.378,75.396,1.018
5402,25,-0.559199999999998,1.4488,4.67280137248168,0.930475041512587,-4.84700012207031,37.8489990234375,25,61.878,62.326,0.448
5406X,11,0.725454545454545,0.725454545454545,1.88354163503467,0.826243609375208,-3.90799999237061,37.4980010986328,11,76.46,76.46,0
5412X,10,-0.442,0.661999999999999,2.47444359626788,0.947365607853248,-4.20800018310547,37.4850006103516,10,73.534,72.366,-1.16799999999998
5427X,17,4.3435294117647,4.45294117647059,6.48449156698912,0.817835393666539,-4.35400009155273,37.5559997558594,17,65.906,72.154,6.24799999999999
5429X,8,0.94875,0.94875,3.50642980822374,0.879208496594489,-4.46199989318848,37.810001373291,8,69.652,70.044,0.39200000000001
5470,10,0.0489999999999995,0.196999999999998,4.59004284656835,0.996564977070124,-5.10099983215332,37.7529983520508,10,62.639,62.641,0.00200000000000244
5473X,16,-0.51125,0.73625,3.12659552602081,0.949621221575113,-5.68599987030029,38.2680015563965,16,76.235,73.855,-2.38000000000001
5514,25,0.5304,1.1624,2.80543805254486,0.898189213588109,-3.63100004196167,37.1370010375977,25,72.932,72.332,-0.600000000000009
5530E,25,1.0944,1.4336,3.82521459093038,0.878742088525629,-3.78900003433228,37.189998626709,25,68.878,69.636,0.757999999999981
5582A,11,1.60727272727273,1.64909090909091,2.78884368348409,0.819906994773791,-4.15299987792969,37.1609992980957,11,73.76,75.27,1.50999999999999
5598X,12,0.120833333333332,0.655833333333331,4.11140422446756,0.991392914720406,-4.5479998588562,37.2309989929199,12,72.723,72.623,-0.0999999999999943
5612B,10,0.0230000000000004,0.155,4.32884434154583,0.998306683829374,-4.76999998092651,37.1940002441406,10,68.526,68.49,-0.0360000000000014
5612X,15,-0.34,0.493333333333332,4.68798108642374,0.990791495497042,-4.8270001411438,37.2700004577637,15,71.518,71.572,0.0540000000000021
5624X,14,0.521428571428571,0.521428571428571,4.05220520617688,0.971385566973469,-4.68599987030029,37.4819984436035,14,69.752,70.116,0.364000000000004
5625X,12,0.290833333333334,0.510833333333333,4.82516101160146,0.978702211846467,-4.76399993896484,37.6389999389648,12,68.114,68.564,0.449999999999989
5641X,17,1.55,2.01117647058824,6.0374310981332,0.938897031520129,-5.08500003814697,37.515998840332,17,59.446,63.316,3.87
5654X,12,0.5725,0.759166666666668,3.45761467523844,0.973123101975197,-5.37099981307983,37.7869987487793,12,68.211,67.291,-0.920000000000002
5656,12,0.854999999999998,0.854999999999998,5.34621552638364,0.948008050891452,-5.43300008773804,37.4970016479492,12,63.107,63.107,0
5702X,11,0.641818181818183,0.641818181818183,5.897567449227,0.985034219835588,-5.74100017547607,37.5660018920898,11,57.17,57.17,0
5704B,21,1.94714285714286,1.96142857142857,3.236140632061,0.949389760421316,-5.76999998092651,37.9259986877441,21,71.9,74.39,2.49
5726X,11,1.99909090909091,2.04272727272728,2.98581099079082,0.63730646598971,-5.81899976730347,38.0989990234375,11,79.23,79.84,0.609999999999999
5733X,15,0.403999999999999,0.62533333333333,5.02479063766651,0.983146250049166,-6.07499980926514,37.7910003662109,15,68.938,69.582,0.644000000000006
5769X,12,0.189166666666665,0.459166666666666,2.99224249543969,0.975243546436417,-6.32200002670288,37.9739990234375,12,75.474,76.446,0.972000000000008
5783,25,-1.508,1.7048,6.67489792681007,0.970399817741188,-5.87900018692017,37.4169998168945,25,51.59,50.444,-1.146
5796,25,-0.430399999999998,0.756799999999999,4.4186484736097,0.978097444621747,-5.61100006103516,37.1640014648438,25,60.126,59.672,-0.454000000000001
5835X,11,0.1,0.101818181818182,6.22476228096668,0.999310203055351,-6.33400011062622,37.3600006103516,11,59.83,59.83,0
5858X,12,-0.0175000000000001,0.0175000000000001,5.89452956459451,0.999952657740585,-6.44299983978272,36.9889984130859,12,55.031,55.022,-0.00899999999999324
5860E,21,2.91571428571429,3.56142857142857,7.60668531152508,0.910483778401193,-6.73799991607666,37.0979995727539,21,53.07,56.98,3.91
5891X,14,-0.570714285714284,0.594999999999998,6.32911921202311,0.98160395081653,-5.84700012207031,36.9529991149902,14,55.152,55.2,0.0480000000000018
5906X,12,0.0491666666666681,0.224166666666667,8.60680579893645,0.998559862835325,-6.40100002288818,36.75,12,45.58,46.146,0.566000000000003
5910,25,1.2104,1.2792,7.63056315090833,0.989166978245049,-6.33199977874756,36.6389999389648,25,46.846,48.154,1.30799999999999
5919X,11,-0.189090909090908,0.281818181818184,6.41450586207118,0.993679449729164,-5.25899982452393,36.931999206543,11,66.83,66.97,0.140000000000001
5941X,12,0.307499999999999,0.307499999999999,7.61114553557061,0.996750861386016,-5.51200008392334,36.7290000915527,12,63.127,63.136,0.00900000000000034
5950X,11,0.0854545454545452,0.0854545454545452,9.01041336959127,0.999507521934759,-5.78299999237061,36.6640014648438,11,50.12,50.12,0
5960,25,-0.8088,1.4368,5.6811426960897,0.96130575746412,-6.05600023269653,36.7509994506836,25,52.616,52.17,-0.445999999999998
5972X,23,3.05260869565217,3.31521739130435,9.69643137566213,0.91206242364698,-6.20599985122681,36.4659996032715,23,37.992,38.102,0.110000000000007
5973,22,-1.03090909090909,1.49,10.631846019556,0.963900408109181,-6.25799989700317,36.5,22,30.397,29.237,-1.16
5983X,11,0.2,0.2,8.37801289089484,0.998918715483359,-5.92000007629395,36.4059982299805,11,50.19,50.19,0
5995B,23,6.99608695652174,7.00826086956522,9.15403818103043,0.904207641871776,-5.96500015258789,36.2459983825684,23,39.37,44.006,4.636
5996B,12,-0.0324999999999995,0.0924999999999994,8.53587651496833,0.999731065007099,-5.90999984741211,36.185001373291,12,44.978,44.964,-0.0139999999999958
5998X,12,0.24,0.255,8.48952023308024,0.996040460402648,-5.11199998855591,37.2430000305176,12,56.694,56.694,0
6000A,25,1.1256,1.1264,9.3862536900157,0.989270833102782,-2.95600008964539,35.2760009765625,25,27.576,27.576,0
6001,19,6.64315789473684,8.56526315789474,11.0139135557197,0.806263926922898,-5.59899997711182,36.0139999389648,19,29.528,33.184,3.656
6032X,9,-0.00111111111111168,0.00111111111111168,3.23845642243338,0.999999474920319,-5.16900014877319,36.75,9,73.802,73.802,0
6040X,10,0,0.00200000000000102,2.78198350502339,0.999998830955575,-5.38600015640259,36.5439987182617,10,68.995,68.986,-0.00900000000001455
6042I,11,-0.2,0.276363636363636,5.04117861399314,0.995510941316262,-5.39499998092651,36.4360008239746,11,57.67,57.37,-0.300000000000004
6045X,12,0.543333333333333,0.543333333333333,5.12595416099345,0.98104311344968,-5.20300006866455,36.632999420166,12,69.894,69.894,0
6050X,11,0.186363636363635,0.306363636363634,3.61286338216404,0.993054291280352,-5.31899976730347,36.5190010070801,11,73.39,73.47,0.0799999999999983
6056X,10,0.0890000000000001,0.357000000000001,6.83941558581986,0.994372283082894,-5.28399991989136,36.2729988098145,10,41.799,41.934,0.134999999999998
6057X,11,-0.038181818181817,0.038181818181817,8.77418372271746,0.999934180644339,-5.26000022888184,36.3779983520508,11,43.21,43.21,0
6058I,13,-0.388461538461539,0.54076923076923,4.60715844901811,0.986200202838788,-5.15500020980835,36.4169998168945,13,34.374,34.366,-0.00800000000000267
6069X,15,0.112,0.76,7.41542163974768,0.988252194140683,-5.02500009536743,36.5439987182617,15,56.412,56.048,-0.363999999999997
6076X,15,0.277333333333334,0.685333333333333,7.13228394595408,0.962842081322246,-4.95300006866455,36.484001159668,15,36.966,36.994,0.0279999999999987
6083X,11,2.48818181818182,3.03727272727273,7.46049973953732,0.946443861591072,-4.73999977111816,36.484001159668,11,28.73,28.73,0
6084X,17,-3.89235294117647,4.13117647058824,8.2504655394497,0.865447410649976,-4.61800003051758,36.5390014648438,17,28.098,21.9,-6.198
6088X,11,0,0.00181818181818146,7.10114779454702,0.999999811109389,-4.5149998664856,36.6209983825684,11,33.17,33.18,0.00999999999999801
6100B,11,-0.299090909090908,0.389999999999999,5.43571020700566,0.991012774017074,-4.56199979782105,37.0239982604981,11,70.55,69.37,-1.17999999999999
6106X,10,-0.917,1.793,2.40808268591887,0.6604891841259,-4.7480001449585,37.0289993286133,10,73.029,72.224,-0.804999999999993
6127X,10,-0.00100000000000051,0.00100000000000051,6.42746917534421,0.99999988802127,-4.69700002670288,36.8549995422363,10,51.481,51.472,-0.00900000000000745
6143X,16,-0.35,0.475,8.030651462781,0.99320403781155,-4.76100015640259,36.6580009460449,16,44.875,44.32,-0.555000000000007
6155A,25,0.623600000000001,1.798,7.10786590100479,0.918599725938705,-4.48199987411499,36.6660003662109,25,43.208,45.434,2.226
6156X,19,-0.370526315789474,0.703157894736842,9.28191264444895,0.994684334999568,-4.48199987411499,36.7179985046387,19,38.856,37.262,-1.594
6172X,10,0.00100000000000051,0.199,9.17282556734231,0.998957562532763,-4.42000007629395,36.7169990539551,10,24.553,25.453,0.899999999999999
6175X,15,-0.348,0.709333333333333,9.74640187575956,0.988796899409953,-4.28599977493286,36.7150001525879,15,19.464,19.108,-0.356000000000002
6201X,17,-1.19647058823529,1.55176470588235,7.37187062220901,0.978776031169935,-4.04400014877319,36.7560005187988,17,46.122,44.274,-1.848
6205X,11,4.56636363636364,4.92454545454546,7.60057737041314,0.85984759381602,-3.95700001716614,36.726001739502,11,33.09,41.26,8.17
6213X,16,0.0625,0.0625,9.18434154326446,0.999638730171563,-3.84500002861023,36.7630004882813,16,37.705,37.705,0
6258X,9,3.57777777777778,3.58,3.0811433664217,-0.461830457068812,-3.49300003051758,36.9230003356934,9,72.156,76.01,3.854
6267X,10,-1.519,1.519,5.35442091484535,0.943133608300322,-3.5789999961853,36.7480010986328,10,47.191,43.753,-3.438
6272X,9,0,0.0111111111111089,6.80053306734112,0.999997654961994,-3.38000011444092,36.734001159668,9,43.22,43.194,-0.0259999999999963
6277B,10,0.495000000000001,1.115,11.9738197748254,0.990534405787719,-3.02099990844727,36.7470016479492,10,21.112,21.985,0.873000000000001
6281X,11,0.623636363636364,0.903636363636365,4.15456944492775,0.922461434778194,-3.07100009918213,37.0050010681152,11,68.31,68.31,0
6291B,16,-0.183125,0.193125,9.83777947506448,0.997486470749994,-2.81299996376038,36.7750015258789,16,30.645,29.145,-1.5
6293X,8,-0.161249999999998,0.65125,4.74807254126797,0.998423341153921,-2.70199990272522,36.6870002746582,8,57.384,56.424,-0.959999999999994
6302A,15,0.230666666666666,0.464,3.33812921659223,0.981609788520549,-2.77999997138977,37.140998840332,15,67.882,68.534,0.652000000000001
6307X,10,4.018,4.302,2.55988194172223,-0.479461404482148,-2.91300010681152,37.0330009460449,10,76.138,76.821,0.683000000000007
6325O,25,-1.1468,1.3172,6.98995929888007,0.976023239567714,-2.35700011253357,36.8460006713867,25,42.432,41.644,-0.787999999999997
6329X,11,-0.0918181818181816,0.0918181818181816,6.68484323607585,0.999084321200938,-2.19300007820129,36.7220001220703,11,20.11,19.11,-1
6340X,10,-0.0289999999999999,0.229,3.72499798657664,0.997515887224768,-1.81700003147125,37.1790008544922,10,47.999,47.759,-0.239999999999995
6364X,10,0.0169999999999995,0.0169999999999995,5.53269685094389,0.999967133501854,-2.15100002288818,37.4070014953613,10,56.346,56.49,0.144000000000005
6367B,15,1.22666666666667,1.71866666666667,5.74210074383766,0.897434530655514,-1.94400000572205,37.390998840332,15,57.644,57.546,-0.0980000000000061
6375X,9,-0.209999999999999,0.209999999999999,3.8952078820577,0.99812545916881,-4.74200010299683,37.132999420166,9,71.954,71.57,-0.383999999999986
7002Y,11,0.00363636363636356,0.00363636363636356,6.0466817346376,0.999998838062185,-1.58700001239777,37.4169998168945,11,43.27,43.27,0
7012C,24,-4.0625,4.37666666666667,8.35138666564604,0.854930388399931,-0.987999975681305,37.601001739502,24,43.88,35.485,-8.395
7023X,12,0,0,5.50648873437676,1,-1.16700005531311,37.726001739502,12,57.958,57.958,0
7031,25,0.111200000000001,0.803999999999999,6.06501420718314,0.976854692448756,-0.802999973297119,37.7890014648438,25,55.762,56.974,1.212
7031X,9,0.0877777777777777,0.134444444444445,4.44775505170867,0.997628383352433,-0.805999994277954,37.7779998779297,9,49.41,50.21,0.799999999999997
7066Y,8,-0.0250000000000004,0.475,3.42370074418228,0.985130657960057,-2.22000002861023,38.3919982910156,8,71.261,70.72,-0.540999999999997
7072Y,6,0.00833333333333523,0.00833333333333523,2.35723284099528,0.999962507610195,-2.29399991035461,38.2949981689453,6,75.53,75.53,0
7080X,12,0.00250000000000009,0.00250000000000009,2.77067708604801,0.999995116297558,-1.98599994182587,38.2680015563965,12,78.662,78.662,0
7096B,14,-1.27928571428572,1.50642857142857,3.53657040362273,0.823031906893054,-1.70299994945526,38.5419998168945,14,72.297,71.28,-1.017
7103Y,10,1.766,2.432,2.80509160080182,-0.0138355741226336,-1.68900001049042,38.5880012512207,10,72.671,73.901,1.23
7121A,12,0.00750000000000028,0.00750000000000028,3.81908475073981,0.999977045745392,-1.70200002193451,38.234001159668,12,68.599,68.599,0
7127X,12,0.359166666666667,1.07916666666667,4.66636148893917,0.971951301094973,-1.69500005245209,38.048999786377,12,70.407,72.038,1.631
7138B,12,1.015,4.08833333333333,2.52501710165226,0.720502321555469,-1.33500003814697,38.4589996337891,12,73.274,72.222,-1.05200000000001
7158X,12,0.0775000000000006,0.0775000000000006,6.7063856385786,0.999642823885178,-1.30599999427795,38.1279983520508,12,50.474,50.474,0
7172X,15,-0.318666666666667,0.877333333333334,5.55458137808011,0.973857546484946,-1.44900000095367,38.0410003662109,15,62.584,62.22,-0.364000000000004
7178I,25,1.9688,1.9688,5.39790971889428,0.953790349949364,-1.1710000038147,38.0019989013672,25,52.694,53.542,0.847999999999999
7195X,15,-0.00733333333333424,0.00866666666666636,2.00255717473815,0.999924471871483,-2.05800008773804,37.9259986877441,15,76.63,76.63,0
7203A,12,0.166666666666666,0.333333333333332,3.80453636724595,0.982875879709387,-1.87000000476837,37.8450012207031,12,70.797,70.842,0.0450000000000017
7209,24,-0.162083333333334,2.68791666666667,4.79082575481967,0.717015359761427,-1.68700003623962,37.6549987792969,24,62.595,62.799,0.204000000000008
7211B,20,2.097,2.097,5.81089310555706,0.935025734919858,-1.79700005054474,37.568000793457,20,60.093,60.093,0
7228,25,0.8552,1.1656,5.64178969831383,0.964784139505502,-1.22899997234344,37.9580001831055,25,55.614,58.016,2.402
7237E,15,0.572000000000002,0.924000000000001,6.41053240490099,0.984235763710947,-1.15900003910065,38.1389999389648,15,55.758,57.032,1.27400000000002
7244X,12,0.43,0.438333333333333,5.21139921884534,0.987509249936303,-0.981000006198883,38.068000793457,12,56.303,56.258,-0.0450000000000017
7247X,14,-1.83571428571429,2.15857142857143,4.18186094807216,0.870456570981174,-1.03799998760223,38.4000015258789,14,71.788,72.173,0.384999999999991
7250C,6,2.19666666666667,2.19666666666667,3.73172033607379,0.945838966162262,-1.03400003910065,38.1940002441406,6,53.375,55.53,2.155
7261X,22,-0.769090909090909,1.41090909090909,6.56522598299497,0.921178299652917,-0.714999973773956,38.0880012512207,22,49.41,49.572,0.161999999999999
7275C,11,0.255454545454546,0.408181818181816,2.85776231596427,0.976527404633303,-1.1599999666214,38.6020011901856,11,72.14,72.42,0.280000000000001
8008Y,13,-0.0338461538461548,0.21846153846154,2.93388711264486,0.990116551668521,-0.86599999666214,38.5769996643066,13,72.89,72.89,0
8013X,12,1.29583333333333,1.32416666666667,6.94749660603797,0.987995903236451,-0.758000016212463,38.3870010375977,12,53.138,53.304,0.165999999999997
8018X,12,0.0583333333333342,0.781666666666667,6.55602492969542,0.98803282745755,-0.680999994277954,38.2879981994629,12,50.285,50.285,0
8019,25,0.646,2.1796,6.69195910527453,0.897997478472898,-0.570999979972839,38.2830009460449,25,49.794,49.362,-0.432000000000002
8025,25,0.286,0.286,6.732916827052,0.996785379977844,-0.493999987840653,38.3730010986328,25,50.768,51.608,0.840000000000003
8036Y,9,-3.93,3.93,7.69030305716954,0.938943183073089,-0.137999996542931,38.5439987182617,9,52.776,47.202,-5.57400000000001
8050X,18,2.22833333333333,2.36833333333333,6.64012562386086,0.868585144087183,0.167999997735024,38.7840003967285,18,52.508,54.988,2.48
8057C,10,0,0,6.77324179728175,1,-0.118000000715256,38.8470001220703,10,40.942,40.942,0
8059C,10,0.110999999999999,0.325,4.35787868884239,0.988003929338596,-0.460999995470047,38.7109985351563,10,66.351,66.351,0
8072Y,14,1.25642857142857,1.66214285714286,6.0743717171607,0.96072496506487,-0.305000007152557,39.0169982910156,14,62.69,65.246,2.556
8084Y,8,0.0462500000000006,0.0462500000000006,2.14175787280315,0.998152387586706,-1.92700004577637,40.2210006713867,8,72.629,72.629,0
8096,25,0.362800000000001,0.7196,2.07039794886555,0.915507267013707,-2.13199996948242,40.0670013427734,25,75.744,75.976,0.231999999999999
8155Y,14,-0.55,0.559999999999999,2.44788639487166,0.986707559694377,-1.91499996185303,39.5559997558594,14,75.551,74.611,-0.939999999999998
8175,25,-0.308,0.6928,2.29728803882607,0.914046848594836,-1.85599994659424,38.9539985656738,25,75.736,75.798,0.0619999999999976
8177A,7,-1.25714285714285,1.30857142857143,1.01416397659775,-0.12964142235211,-1.6599999666214,38.9360008239746,7,79.476,76.92,-2.556
8178D,25,-1.4048,1.464,2.43601108371863,0.895586400440735,-1.86300003528595,39.0060005187988,25,76.97,76.05,-0.920000000000016
8193E,11,0.373636363636364,0.373636363636364,2.90468054885715,0.947271347675175,-1.09399998188019,39.2080001831055,11,70.56,70.9,0.340000000000003
8198Y,4,-0.0450000000000053,0.0450000000000053,2.83840917886528,0.99987832629332,-1.06299996376038,38.851001739502,4,76.098,76.021,-0.0770000000000266
8210Y,6,3.95166666666667,4.19833333333333,1.73247125998288,0.286217735851528,-1.50399994850159,40.1030006408691,6,71.85,71.85,0
8245Y,10,3.63,3.872,2.18209277733301,-0.195171336843534,-1.442999958992,39.7140007019043,10,73.827,74.309,0.481999999999999
8270X,12,0.130833333333334,0.130833333333334,4.74115028875969,0.996771001346739,-0.790000021457672,39.1339988708496,12,62.84,62.84,0
8283X,11,0.80727272727273,1.16363636363636,4.89427271967403,0.962326342762267,-0.607999980449677,38.8289985656738,11,64.96,65.41,0.450000000000003
8293X,18,0.12388888888889,1.21277777777778,6.67688151250463,0.944622886102166,-0.523999989032745,39.0019989013672,18,54.426,55.588,1.162
8309X,22,-0.654090909090909,0.779545454545454,2.19815374124056,0.89168628772837,-1.24500000476837,39.5760002136231,22,75.658,74.336,-1.32199999999999
8337X,11,1.27,1.58636363636364,6.52441916606724,0.955740051995795,-0.620000004768372,39.3889999389648,11,55,57.9,2.9
8354X,11,2.00272727272728,2.00454545454546,1.71548243943213,-0.281436945018722,-1.44099998474121,40.4199981689453,11,72.72,73.04,0.320000000000007
8376,11,2.27181818181818,2.35727272727273,3.68363901103737,0.21105454374547,-1.41199994087219,40.2360000610352,11,70.61,70.71,0.0999999999999943
8381X,9,0.0122222222222222,0.0122222222222222,1.48833799924614,0.999807333271126,-1.28400003910065,40.0610008239746,9,72.654,72.676,0.0220000000000056
8395X,11,0.0263636363636369,0.282727272727275,3.29946497040188,0.989454095177048,-0.992999970912933,39.7529983520508,11,69.3,69.3,0
8409X,12,-0.547500000000002,1.02583333333333,5.06910756594803,0.978739810396807,-0.653999984264374,39.6640014648438,12,60.88,60.722,-0.158000000000001
8414A,25,0.2172,1.6684,5.261302120198,0.938427336011487,-0.474999994039536,39.4850006103516,25,57.178,57.9,0.722000000000008
8416,25,0.1992,0.3376,7.41853956876509,0.997655728943642,-0.36599999666214,39.4809989929199,25,47.132,47.456,0.323999999999998
8416X,14,0.43,0.799999999999999,6.89194608794359,0.957587290245739,-0.337000012397766,39.4799995422363,14,51.097,52.92,1.823
8416Y,14,-0.139285714285715,0.646428571428571,7.85822044558617,0.993545037955561,-0.36599999666214,39.4809989929199,14,45.254,45.185,-0.0689999999999955
8439X,11,-0.323636363636364,0.723636363636364,3.24292600762168,0.947443054183884,-0.485000014305115,39.7960014343262,11,69.32,69.29,-0.0299999999999869
8446Y,12,0.343333333333334,0.618333333333333,5.26207241118992,0.983691993980177,-0.25900000333786,39.7010002136231,12,57.508,56.941,-0.566999999999993
8458X,10,2.716,2.726,3.44614696275259,0.200095215388887,-0.848999977111816,40.4309997558594,10,68.547,68.547,0
8472A,11,0.451818181818182,0.451818181818182,2.05600008843297,0.725191536389334,-0.546999990940094,40.0880012512207,11,74.78,75.24,0.459999999999994
8486X,10,0.0109999999999985,0.0189999999999998,3.32714358638825,0.999902847889541,-0.453999996185303,40.3629989624023,10,68.797,68.826,0.0290000000000106
8489X,6,-0.0166666666666657,0.0166666666666657,1.48404514756122,0.999630424134528,-0.256000012159348,40.4329986572266,6,75.475,75.475,0
8492X,11,2.45090909090909,2.45090909090909,2.6365166413281,0.895879198472977,-0.170000001788139,40.2270011901855,11,67.27,69.29,2.02000000000001
8503Y,13,0.298461538461539,0.298461538461539,6.33870578475141,0.987246778017056,0.184000000357628,40.2109985351563,13,56.656,56.656,0
8520X,9,-0.684444444444444,0.691111111111111,2.52720091097729,0.821774406855109,0.165000006556511,40.6940002441406,9,73.574,70.338,-3.236
9001D,13,-0.109230769230768,0.510769230769232,2.91755451688128,0.952562563445525,-4.16099977493286,42.992000579834,13,72.116,72.182,0.0660000000000025
9001S,4,-0.2575,0.2575,7.02876233770925,0.997991317203108,-4.37400007247925,43.0369987487793,4,62.539,62.539,0
9012E,9,4.11222222222222,4.28111111111111,4.17578735090761,-0.19102590316853,-3.95700001716614,42.951000213623,9,71.03,71.348,0.317999999999998
9016X,12,1.06666666666667,1.105,2.26285201514024,0.498386313857656,-4.03200006484985,42.810001373291,12,73.829,73.838,0.00900000000000034
9019B,19,-0.875263157894737,1.24052631578947,1.73161402584494,0.845515255867776,-3.93400001525879,42.8059997558594,19,75.444,73.622,-1.822
9031C,11,4.47363636363636,4.47363636363636,3.01860654185759,-0.629346062609611,-3.30900001525879,42.5589981079102,11,76.83,77.79,0.960000000000008
9051,19,0.0752631578947365,0.31421052631579,2.39676743803957,0.97712986058449,-3.48300004005432,42.9199981689453,19,76.926,76.974,0.0480000000000018
9060X,11,5.09545454545455,5.12090909090909,3.25886176448158,-0.367117414119528,-3.23200011253357,42.875,11,71.47,73.76,2.29000000000001
9073X,11,-0.00727272727272583,0.0127272727272741,2.50451918811503,0.999965664239682,-2.35999989509583,42.8300018310547,11,75.2,75.2,0
9091O,25,-0.2588,0.555600000000002,1.99764302783722,0.955080991216338,-2.73499989509583,42.8819999694824,25,77.922,77.292,-0.629999999999996
9091R,9,0.931111111111111,1.41111111111111,1.99006909427789,-0.0264735582503541,-2.73300004005432,42.8720016479492,9,77.344,77.546,0.201999999999998
9111,22,-0.780909090909092,1.18181818181818,3.09737289185026,0.916785137507322,-3.17000007629395,42.4210014343262,22,73.804,73.034,-0.769999999999996
9115X,9,-0.501111111111111,0.57,5.53315034838001,0.976979623421872,-2.96799993515015,42.2550010681152,9,60.702,59.878,-0.823999999999998
9121X,17,-0.194705882352941,0.748823529411764,2.08250379563244,0.867897775297342,-2.85500001907349,42.5750007629395,17,78.006,76.768,-1.238
9122I,13,-0.000769230769232256,0.0576923076923077,2.45203813706904,0.998494517500146,-2.77699995040894,42.6040000915527,13,77.832,77.848,0.0159999999999911
9136X,14,0.217142857142857,0.260000000000001,4.17251742337305,0.989721501291962,-2.87100005149841,42.2309989929199,14,69.416,70.858,1.44200000000001
9141V,11,0.925454545454546,1.52545454545455,1.91868373441984,-0.108046465767264,-2.72699999809265,42.4140014648438,11,78.07,78.34,0.27000000000001
9145X,14,-0.0349999999999996,0.226428571428572,2.0194533315335,0.982153872052793,-2.63299989700317,42.5670013427734,14,78.197,78.215,0.0180000000000007
9145Y,16,0.309374999999998,0.453125000000001,2.0996403461863,0.922769868199529,-2.63899993896484,42.4830017089844,16,78.6,78.605,0.00499999999999545
9170,25,-0.406800000000001,0.718799999999998,2.1386913444129,0.894020148370863,-2.33100008964539,42.4519996643066,25,78.724,78.316,-0.408000000000001
9171K,11,0.734545454545454,0.934545454545453,2.07086016384058,0.516335237644547,-2.18400001525879,42.5699996948242,11,78.36,78.36,0
9178X,16,0.208124999999999,0.484375000000002,1.9679007427544,0.933258288593607,-2.34599995613098,42.6710014343262,16,76.43,76.98,0.549999999999997
9188,7,-0.0142857142857175,0.0828571428571446,1.83084159674751,0.996094374758349,-2.27300000190735,42.148998260498,7,76.928,76.916,-0.0120000000000005
9207,16,-0.27,0.442499999999999,2.29557981056348,0.966771186984458,-0.750999987125397,42.7410011291504,16,73.57,73.06,-0.509999999999991
9208E,12,-1.03083333333333,1.1675,2.42036482975003,0.769421709444122,-0.672999978065491,42.7089996337891,12,74.483,73.273,-1.21000000000001
9211F,10,1.492,1.512,1.8374949735381,-0.0719533471553274,-0.816999971866608,42.5139999389648,10,76.309,76.894,0.585000000000008
9218A,17,-1.55058823529412,1.78588235294118,2.52894929937781,0.755842101233273,-0.925000011920929,42.8619995117188,17,72.682,70.772,-1.91
9228J,9,-0.234444444444446,0.245555555555556,1.74083313387585,0.965337355765372,-1.29999995231628,42.8959999084473,9,77.296,77.128,-0.167999999999992
9228T,9,-0.213333333333337,0.582222222222222,4.1787172407065,0.980117746165671,-1.32599997520447,43.007999420166,9,70.488,68.844,-1.64399999999999
9238X,11,-0.314545454545457,0.730909090909092,1.64974819015178,0.827263621460579,-1.11699998378754,42.7169990539551,11,74.84,75.17,0.329999999999998
9244X,12,-0.970833333333333,1.07916666666666,1.20644355881494,0.774003048619681,-1.21399998664856,42.4910011291504,12,80.627,79.75,-0.876999999999995
9245X,10,0.891,1.143,2.13346249608992,0.22156373919496,-1.36600005626678,42.5209999084473,10,76.196,77.563,1.367
9252X,11,1.19727272727273,1.37727272727273,2.23421249091161,0.307067710035165,-1.65600001811981,42.4889984130859,11,77.12,78.17,1.05
9257X,11,4.57363636363636,4.61727272727273,2.24573535233501,0.0883896153479295,-1.51699995994568,42.9710006713867,11,75.85,75.85,0
9262P,11,1.25454545454545,1.62363636363636,2.81823703758218,0.05045666575678,-1.49600005149841,42.7010002136231,11,75.81,76.16,0.349999999999994
9263D,24,0.559999999999998,0.914166666666665,2.13900927730709,0.885381850507907,-1.64999997615814,42.7770004272461,24,77.05,77.459,0.409000000000006
9263X,7,0.352857142857143,0.387142857142854,1.58402290748226,0.950496473323768,-1.53199994564056,42.7760009765625,7,78.036,78.31,0.274000000000001
9274X,10,1.581,1.767,2.12631240518519,-0.261322598175259,-1.83500003814697,42.9189987182617,10,78.072,78.945,0.873000000000005
9280B,11,1.02545454545454,1.04363636363636,2.23923241718715,0.400284054718439,-1.85800004005432,42.548999786377,11,78.03,78.54,0.510000000000005
9287A,13,0.0430769230769233,0.116923076923076,2.11520623956564,0.993744735510365,-2.23099994659424,42.0260009765625,13,71.98,72.05,0.0700000000000074
9294E,17,0.912352941176471,1.52294117647059,2.08515886684924,0.647358492819136,-1.47500002384186,42.1990013122559,17,77.386,77.692,0.305999999999997
9299X,9,0.0233333333333326,0.0233333333333326,2.86006895798763,0.999867700914875,-1.72300004959106,41.9150009155273,9,77.068,77.14,0.0720000000000027
9301X,16,0.53,0.678750000000002,2.50406735798647,0.887313197840409,-1.69099998474121,41.9589996337891,16,77.155,77.435,0.280000000000001
9302Y,11,0.69090909090909,0.734545454545453,2.47938628770032,0.631473551483992,-1.60899996757507,42.0559997558594,11,78.12,78.37,0.25
9321X,10,-0.0700000000000003,0.0700000000000003,2.34713750011465,0.997830197819079,-1.13999998569489,42.1209983825684,10,76.825,76.825,0
9336D,8,-0.0237499999999979,0.0737499999999987,1.98653278352007,0.999507593969112,-0.995999991893768,41.984001159668,8,79.17,79.086,-0.083999999999989
9344C,11,0.729090909090909,0.756363636363637,1.94721339354473,0.532581910963043,-2.29299998283386,41.2159996032715,11,76.12,76.12,0
9352A,10,0.142,0.292,1.98640406541849,0.959225988216214,-2.14000010490417,41.5750007629395,10,73.188,73.494,0.306000000000012
9354X,9,-0.592222222222222,0.745555555555555,1.97348535450468,0.908665414976042,-1.89499998092651,41.2929992675781,9,75.742,74.71,-1.032
9374X,10,2.508,2.508,2.19075228073727,-0.417578346735778,-1.32099997997284,40.5670013427734,10,72.96,73.843,0.882999999999996
9377Y,6,-0.186666666666667,0.203333333333333,2.22274305007724,0.989825711912155,-1.567999958992,40.7789993286133,6,73,72.6,-0.400000000000006
9381I,20,-0.910999999999999,1.06,2.4089342478628,0.938567409452592,-1.29299998283386,40.9259986877441,20,73.832,72.026,-1.80600000000001
9390,25,-0.663200000000001,0.8184,2.20645439563114,0.933743248277667,-1.4099999666214,41.1139984130859,25,75.31,74.654,-0.656000000000006
9427X,10,-0.130999999999999,0.631000000000002,4.16632545269543,0.977220085920082,-1.38100004196167,41.4809989929199,10,72.109,72.406,0.296999999999997
9434,25,0.232399999999999,0.7508,3.22364090225116,0.942471917599408,-1.00399994850159,41.6609992980957,25,75.68,75.48,-0.200000000000003
9434P,8,0.62875,0.636249999999997,4.27776790093686,0.966432942850228,-0.935000002384186,41.6209983825684,8,74.659,74.659,0
9436X,8,8.7675,9.725,3.33583465674528,-0.37458988393245,-1.08700001239777,40.9949989318848,8,71.403,71.132,-0.270999999999987
9460X,15,1.13333333333333,1.324,1.51047989851223,-0.0940716786125397,-0.356000006198883,42.5130004882813,15,73.296,74.064,0.768000000000015
9491X,10,-0.0160000000000011,0.0160000000000011,2.21330923681662,0.99985197708414,-0.586000025272369,42.0289993286133,10,76.645,76.645,0
9495Y,11,0.960909090909092,1.25181818181818,1.96894618791604,0.664297622225284,-0.616999983787537,41.7970008850098,11,76.23,76.54,0.310000000000002
9501X,9,0.539999999999998,0.539999999999998,1.69613367528755,0.973977988374263,-0.885999977588654,41.443000793457,9,78.37,78.842,0.472000000000008
9510X,10,-0.0839999999999989,0.148,2.70740979125395,0.991039038718298,-0.504000008106232,41.4290008544922,10,74.563,74.545,-0.0180000000000007
9513X,9,0.113333333333334,0.115555555555558,1.6512175642369,0.988976792546501,-0.805999994277954,41.0309982299805,9,77.786,77.834,0.0480000000000018
9531Y,11,1.12272727272727,1.32636363636364,2.15860603167878,-0.160810255728261,-0.792999982833862,40.8289985656738,11,74.75,74.61,-0.140000000000001
9546B,10,0.400999999999998,0.603000000000002,3.84485587072736,0.916405860695702,-0.44200000166893,41.1720008850098,10,71.78,71.78,0
9550C,10,-0.0159999999999997,0.052000000000001,1.57510634561607,0.996942855603648,-0.407999992370605,40.9739990234375,10,78.913,78.94,0.027000000000001
9561X,10,0.692999999999999,0.780999999999999,2.48021414846021,0.580666957148396,-0.314999997615814,40.7980003356934,10,76.219,76.861,0.64200000000001
9563X,16,-1.11125,1.41125,2.79693165212643,0.747513896070667,-0.187000006437302,40.4990005493164,16,75.095,73.565,-1.53
9573X,23,0.328260869565216,0.617826086956521,2.60971338513814,0.950907727588443,-0.142000004649162,41.0579986572266,23,74.814,76.12,1.30600000000001
9585,13,-1.80846153846154,1.82846153846154,4.29738680285279,0.873895356089949,1.93900001049042,42.3330001831055,13,62.186,60.176,-2.01000000000001
9590,10,1.816,1.868,1.92303030541787,-0.18368112085117,1.692999958992,42.3619995117188,10,68.681,70.722,2.04100000000001
9619,13,0.0184615384615381,0.578461538461538,1.78557252184537,0.918786971156268,1.46300005912781,42.3549995422363,13,71.382,71.456,0.0739999999999981
9632X,11,2.37636363636363,2.48,2.26674777038502,-0.0389327793911964,1.56900000572205,42.2299995422363,11,71.57,71.57,0
9638D,9,0.175555555555559,0.266666666666672,1.4346253866428,0.912914696756932,1.31200003623962,42.1539993286133,9,73.794,73.898,0.103999999999999
9647X,10,1.209,1.297,2.0358129689253,0.0734509260164322,1.39600002765656,41.8059997558594,10,74.006,74.127,0.121000000000009
9650X,11,1.17363636363636,1.25727272727273,2.52837425307971,0.53641554306798,1.10899996757507,41.8810005187988,11,72.57,72.57,0
9657X,13,1.85230769230769,2.08461538461539,1.32959990126199,-0.105156380902424,1.12600004673004,42.625,13,72.616,72.324,-0.292000000000002
9660,18,-11.16,11.16,6.56969048026891,0.877010499880431,1.00800001621246,42.5810012817383,18,56.917,40.276,-16.641
9689X,8,6.5825,6.5825,2.11332464884801,0.0586188792499825,0.99099999666214,42.4659996032715,8,73.329,73.343,0.01400000000001
9698U,8,0.103749999999998,0.306249999999999,1.45207179574565,0.922867412275784,0.865000009536743,42.2050018310547,8,77.435,77.538,0.102999999999994
9718X,10,0.388000000000001,0.476000000000001,3.16429033644723,0.988236263553224,1.22300004959106,41.6809997558594,10,73.593,74.081,0.488
9724X,10,0.863999999999999,0.912,2.77138232656557,0.674643855902516,0.755999982357025,41.8730010986328,10,72.892,73.072,0.179999999999993
9726E,9,3.13444444444444,3.18111111111111,2.67524038379939,-0.211514195974591,1.30900001525879,41.556999206543,9,73.54,74.254,0.713999999999999
9729X,11,0.682727272727272,0.909999999999999,2.50357671415045,0.832614327644807,0.866999983787537,41.617000579834,11,74.93,75.05,0.11999999999999
9744B,11,2.27181818181818,2.59363636363636,1.46244502616182,-0.344087197008971,0.799000024795532,42.5029983520508,11,70.97,71.69,0.719999999999999
9756X,11,1.23545454545454,1.50454545454545,1.89674457953621,0.0851631225084788,0.479999989271164,42.1129989624023,11,75.68,75.8,0.11999999999999
9771C,25,-0.3068,0.5252,3.02386755662347,0.967565846311084,0.59799998998642,41.6259994506836,25,73.414,74.054,0.640000000000001
9772X,12,3.05166666666667,3.16166666666667,2.90198469181268,-0.107732878531233,0.913999974727631,41.3660011291504,12,75.7,76.356,0.655999999999992
9775X,10,3.006,3.006,1.75440271570951,-0.107275548544469,0.677999973297119,41.4140014648438,10,76.676,77.459,0.783000000000016
9784P,10,-0.782000000000001,0.988000000000001,1.69487331548867,0.82144922368058,0.224999994039536,42.6300010681152,10,74.465,74.08,-0.384999999999991
9808X,10,0.930999999999999,0.930999999999999,1.56651949663365,0.436830296499791,0.137999996542931,42.4220008850098,10,76.18,76.198,0.0180000000000007
9838B,7,7,7.01142857142857,1.69811379954068,0.277087609220297,0.522000014781952,42.601001739502,7,70.518,70.494,-0.0240000000000009
9843A,11,1.16454545454546,1.36818181818182,1.08191832997102,-0.131326643551411,0.433999985456467,42.4770011901856,11,74.52,74.53,0.0100000000000051
9855E,14,0.967857142857143,1.21357142857143,2.02513288127302,0.631133566274479,0.465999990701675,42.2010002136231,14,73.68,74.261,0.581000000000003
9866C,11,0.794545454545454,0.80181818181818,2.42970705304906,0.747921655692349,0.141000002622604,42.0209999084473,11,72.73,72.73,0
9894Y,10,-0.328999999999999,0.511000000000001,2.44578753506241,0.905372974321469,-0.160999998450279,41.798999786377,10,76.538,76.554,0.0159999999999911
9898,24,-0.430416666666668,0.96625,2.31735840991419,0.860957542096969,-0.32600000500679,42.0839996337891,24,77.889,77.422,-0.466999999999999
9901X,11,0.577272727272728,0.67909090909091,2.07309605969605,0.742248565801679,-0.395000010728836,42.1389999389648,11,77.3,77.3,0
9908X,15,1.18733333333333,1.18866666666667,2.71191146786244,0.354161540647347,-0.333000004291534,41.7739982604981,15,76.502,76.502,0
9911X,11,0.626363636363637,0.626363636363637,3.34921130471584,0.876858485246427,0.187999993562698,41.6189994812012,11,72.46,72.46,0
9918Y,9,0.889999999999999,0.898888888888889,1.792909646357,0.635182513182711,0.377000004053116,41.7809982299805,9,73.976,73.976,0
9924X,11,0.0572727272727256,0.459090909090909,2.94800209695251,0.957480572928521,0.356000006198883,41.5250015258789,11,72.59,72.59,0
9935X,14,3.42785714285714,3.56071428571429,2.10639580722695,0.290636090480241,0.145999997854233,40.8730010986328,14,74.897,74.883,-0.0139999999999958
9946X,12,0.173333333333333,0.761666666666667,2.47007483630956,0.835530430103124,0.312000006437302,40.9529991149902,12,77.008,77.296,0.287999999999983
9947X,11,0.128181818181818,0.49909090909091,3.05595960230319,0.955685637311943,0.352999985218048,41.1769981384277,11,75.03,74.59,-0.439999999999998
9975X,10,1.494,1.496,3.427684835765,0.696152602653377,0.614000022411346,41.0050010681152,10,72.645,72.645,0
9981A,25,1.5952,1.6752,4.93867451853228,0.953915426407663,0.493000000715256,40.8199996948242,25,59.93,60.342,0.411999999999992
9994X,10,2.113,2.139,2.2197757644511,0.0756670963887615,0.689999997615814,42.7760009765625,10,70.867,70.932,0.0649999999999977
9995Y,11,0.891818181818179,1.29727272727273,3.71464693048772,0.628717690534167,-1.30099999904633,43.0909996032715,11,70.84,72.41,1.56999999999999
9998X,11,1.40636363636364,2.02818181818182,2.48068538916163,-0.0691985284526486,-1.49399995803833,40.9210014343262,11,71.85,72.15,0.300000000000011
B013X,23,-0.310869565217392,1.18217391304348,2.6494397946163,0.849793881582027,2.88599991798401,39.8230018615723,23,75.006,75.162,0.156000000000006
B087X,10,-2.599,2.599,7.32767364933177,0.951081335050386,2.51300001144409,39.6889991760254,10,52.923,48.237,-4.686
B158X,12,-0.189166666666668,0.207500000000001,5.17214648307879,0.997485657855471,2.46600008010864,39.5509986877441,12,59.53,59.524,-0.00600000000000733
B236C,11,-0.767272727272724,0.889090909090909,3.17284243083534,0.9223395772439,2.64400005340576,39.6419982910156,11,68.67,68.52,-0.150000000000006
B248,16,0.266875000000001,1.186875,4.05788101517693,0.896849395025783,2.71300005912781,39.7350006103516,16,76.475,74.91,-1.565
B301,11,-0.0899999999999995,0.168181818181818,6.65169944108612,0.998952300687753,2.78500008583069,39.3800010681152,11,55.27,55.28,0.00999999999999801
B334X,12,-0.0991666666666677,0.100833333333333,5.23785839881727,0.998461537783117,2.89199995994568,39.4959983825684,12,62.188,62.188,0
B362X,13,2.93461538461538,3.04230769230769,3.60396345210417,0.740181312339739,3.06399989128113,39.4059982299805,13,65.65,65.654,0.00400000000000489
B373X,12,0.549166666666667,1.08083333333333,3.80773246370481,0.930203855007281,3.01200008392334,39.351001739502,12,63.434,64.101,0.667000000000002
B398A,5,-0.292,0.292,13.4037028466018,0.998858439497086,2.93700003623962,39.1360015869141,5,35.546,34.962,-0.583999999999996
B410B,4,0,0,5.82914730756852,1,3.14599990844727,39.3400001525879,4,58.665,58.665,0
B434X,21,0.372857142857143,0.973809523809524,7.4794902742035,0.977655634622107,3.2720000743866,39.4140014648438,21,49.4,50.17,0.770000000000003
B496X,12,0.0625000000000006,0.225833333333333,6.2341928592289,0.997945953500478,3.38400006294251,39.6300010681152,12,54.438,54.447,0.00900000000000034
B526X,11,-0.185454545454546,0.223636363636363,4.15930960180128,0.99554224854131,3.3510000705719,39.6889991760254,11,64.51,64.23,-0.280000000000001
B569X,18,4.68055555555556,5.01611111111111,11.0489358314064,0.975537548216547,3.4779999256134,39.7169990539551,18,26.233,27.21,0.976999999999997
B603X,13,0.458461538461537,0.459999999999999,6.83592649358088,0.990142620525389,3.27900004386902,39.7229995727539,13,50.688,51.44,0.751999999999995
B605X,13,0.161538461538463,0.164615384615386,4.7619121886389,0.995000980037307,3.10500001907349,39.7970008850098,13,62.084,62.084,0
B614E,12,-0.371666666666666,0.506666666666666,4.67212818939954,0.990072569447926,3.21799993515015,39.556999206543,12,63.917,63.795,-0.122
B644B,11,0.0263636363636356,0.0409090909090899,4.37114006347834,0.999805214785929,3.00200009346008,39.6430015563965,11,65.15,65.44,0.289999999999992
B656A,5,0.561999999999998,0.782000000000002,3.13658731745189,0.867796246682655,2.79999995231628,39.6520004272461,5,64.352,65.762,1.41
B662X,11,-0.163636363636362,1.12909090909091,3.97742401790177,0.904653448287772,2.87400007247925,39.6780014038086,11,67.07,67.07,0
B691Y,8,2.2075,2.2075,3.60409266370489,0.975622933980134,3.01699995994568,39.7490005493164,8,60.055,61.679,1.624
B760X,11,1.48363636363636,1.73272727272727,4.6034931400958,0.516884803305458,3.0239999294281,39.8769989013672,11,57.29,58.11,0.82
B780X,24,4.01333333333333,4.11083333333333,6.75786240965485,0.8661209874175,3.09999990463257,39.9090003967285,24,50.628,54.437,3.809
B800X,7,0.131428571428573,0.711428571428573,6.75902289359864,0.994389015011987,4.31599998474121,39.875,7,44.632,44.618,-0.0139999999999958
B825B,10,-0.000999999999999801,0.202999999999999,5.89522867335196,0.996758479608441,4.08599996566772,39.9910011291504,10,60.26,60.26,0
B860X,13,-0.0761538461538469,0.077692307692307,5.57877594330881,0.998820446036835,3.85400009155273,39.9930000305176,13,59.936,59.936,0
B893,25,-0.7664,1.5256,6.11330674294472,0.972845659277863,4.21600008010864,39.8549995422363,25,60.058,58.588,-1.47
B908X,11,-0.185454545454546,0.523636363636364,3.21374632703726,0.978963097673876,1.49300003051758,39.0559997558594,11,65.35,64.85,-0.5
B954,25,-1.8132,1.9716,7.45754622289843,0.933660352452225,1.38399994373322,38.8759994506836,25,49.512,48.382,-1.13
B957,5,2.678,2.678,4.9014518257349,0.833279298450042,1.44099998474121,38.9220008850098,5,54.336,59.014,4.67799999999999
B986,5,0.414000000000002,0.822,7.38900060901337,0.990240263190942,1.46399998664856,38.6940002441406,5,46.448,47.888,1.44
