INDCLIM,INDSINOP,NOMBRE,PROVINCIA,lat,lon,alt
1351,08004,ESTACA DE BARES,A CORUÑA,43.78722222222222,-7.683333333333334,80
1354C,08005,FERROL-LA GRAÑA,A CORUÑA,43.47527777777778,-8.260277777777778,4
1363X,,"AS PONTES,A AEROSA",A CORUÑA,43.446666666666665,-7.859999999999999,343
1387,08001,A CORUÑA,A CORUÑA,43.367222222222225,-8.419444444444444,58
1387E,08002,A CORUÑA/ALVEDRO,A CORUÑA,43.30694444444444,-8.372222222222224,98
1390X,,CARBALLO,A CORUÑA,43.20472222222222,-8.709444444444443,98
1393,08006,CABO VILAN,A CORUÑA,43.160555555555554,-9.210833333333333,50
1399,,VIMIANZO-CASTRELO,A CORUÑA,43.058055555555555,-9.045555555555556,287
1400,08040,FISTERRA,A CORUÑA,42.92638888888889,-9.289444444444444,230
1406X,,MAZARICOS-A PICOTA,A CORUÑA,42.93666666666666,-8.991666666666665,340
1410X,,SOBRADO DOS MONXES,A CORUÑA,43.03916666666667,-8.020555555555557,500
1428,08042,SANTIAGO DE COMPOSTELA/LABACOLLA,A CORUÑA,42.88777777777778,-8.410833333333334,370
1435C,,NOIA,A CORUÑA,42.80138888888889,-8.874444444444444,128
1442U,,BOIRO,A CORUÑA,42.644999999999996,-8.890555555555554,10
1473A,08039,PADRÓN,A CORUÑA,42.739444444444445,-8.627500000000001,100
1475X,08041,SANTIAGO DE COMPOSTELA,A CORUÑA,42.875277777777775,-8.550277777777778,240
1476R,,CASAS DO PORTO,A CORUÑA,42.75055555555556,-8.713055555555554,210
1044X,,ARAMAYONA ECHAGÜEN,ÁLAVA,43.05777777777777,-2.5894444444444447,617
1060X,,AMURRIO (INSTITUTO),ÁLAVA,43.05138888888889,-3.004166666666667,240
9060X,,LALASTRA-PARQUE VALDEREJO,ÁLAVA,42.87638888888889,-3.230277777777778,910
9073X,,OPAKUA,ÁLAVA,42.83083333333334,-2.3583333333333334,660
9091O,08080,VITORIA/FORONDA,ÁLAVA,42.871944444444445,-2.7333333333333334,513
9122I,,LABASTIDA- REMELLURI,ÁLAVA,42.603611111111114,-2.7733333333333334,610
9145X,,LEZA (DFA2),ÁLAVA,42.568333333333335,-2.631666666666667,575
9178X,,SANTA CRUZ DE CAMPEZO (DFA),ÁLAVA,42.67166666666667,-2.3447222222222224,570
4007Y,,OSSA DE MONTIEL,ALBACETE,38.965833333333336,-2.745,905
4091Y,,VILLARROBLEDO,ALBACETE,39.26305555555555,-2.591388888888889,718
4096Y,,"MUNERA , SAN BARTOLOMÉ (AUTOMÁTICA)",ALBACETE,39.016666666666666,-2.488888888888889,918
7066Y,,EMBALSE DE LA FUENSANTA (AUTOMÁTICA),ALBACETE,38.393055555555556,-2.218888888888889,680
7067Y,,CAÑADAS DEL NERPIO,ALBACETE,38.08111111111111,-2.4241666666666664,212
7072Y,,SEGE,ALBACETE,38.29666666666667,-2.2941666666666665,960
7096B,08355,HELLÍN,ALBACETE,38.50861111111111,-1.7049999999999998,520
7103Y,,TOBARRA,ALBACETE,38.58833333333334,-1.6880555555555556,615
8177A,08278,CHINCHILLA/CENAD,ALBACETE,38.93694444444444,-1.6588888888888889,880
8178D,08279,"ALBACETE,OBS.",ALBACETE,39.00694444444444,-1.8608333333333333,674
8191Y,,LAS ERAS,ALBACETE,39.2,-1.4341666666666666,680
8198Y,,ALMANSA,ALBACETE,38.85194444444445,-1.085,715
7244X,,ORIHUELA DESAMPARADOS,ALICANTE,38.06777777777778,-0.9813888888888889,26
7247X,08357,PINOSO,ALICANTE,38.40416666666667,-1.0375,575
7261X,,"ROJALES, EL MOLINO",ALICANTE,38.089444444444446,-0.7155555555555555,31
8008Y,,VILLENA,ALICANTE,38.57694444444445,-0.8655555555555555,486
8013X,,NOVELDA,ALICANTE,38.386944444444445,-0.7563888888888889,233
8018X,,"ELCHE, ALTABIX",ALICANTE,38.28861111111111,-0.6794444444444444,110
8019,08360,ALICANTE/EL ALTET,ALICANTE,38.282777777777774,-0.5708333333333333,43
8025,08359,ALICANTE,ALICANTE,38.3725,-0.49416666666666664,81
8050X,08370,"JÁVEA, AYUNTAMIENTO",ALICANTE,38.784166666666664,0.16694444444444442,15
8057C,,PEGO,ALICANTE,38.84722222222222,-0.11805555555555555,60
8059C,,ALCOY,ALICANTE,38.70611111111111,-0.4797222222222222,600
5060X,,VÉLEZ BLANCO TOPARES,ALMERÍA,37.86083333333333,-2.2280555555555557,1190
6277B,08486,"ADRA,CLUB NAÚTICO",ALMERÍA,36.748333333333335,-3.0194444444444444,8
6277X,,"ADRA,C.NAUTICO",ALMERÍA,36.74888888888889,-3.0191666666666666,8
6291B,,EL EJIDO,ALMERÍA,36.78333333333333,-2.754722222222222,98
6293X,08492,"ROQUETAS DE MAR, FARO SABINAR",ALMERÍA,36.68666666666666,-2.7016666666666667,7
6302A,08427,ABLA,ALMERÍA,37.141666666666666,-2.781111111111111,885
6307X,,LÁUJAR DE ANDARAX,ALMERÍA,37.027499999999996,-2.910833333333333,1510
6325O,08487,ALMERÍA/AEROPUERTO,ALMERÍA,36.84638888888889,-2.3569444444444447,21
6329X,,"CABO DE GATA, FARO",ALMERÍA,36.723333333333336,-2.1916666666666664,42
6332X,08488,"CARBONERAS,C.TÉRM.",ALMERÍA,36.966944444444444,-1.9041666666666666,40
6340X,,"GARRUCHA, PUERTO",ALMERÍA,37.18,-1.8152777777777778,12
6364X,,ALBOX,ALMERÍA,37.407777777777774,-2.1502777777777777,508
6367B,08428,HUERCAL OVERA,ALMERÍA,37.39055555555556,-1.9436111111111112,300
6381,08490,"ALBORÁN,ISLA",ALMERÍA,35.93833333333333,-3.036111111111111,15
1179B,,CARREÑA DE CABRALES,ASTURIAS,43.31194444444444,-4.850833333333333,458
1183X,08016,LLANES,ASTURIAS,43.42027777777778,-4.748055555555555,10
1186P,,"AMIEVA, PANIZALES",ASTURIAS,43.26777777777777,-5.118055555555555,360
1199X,,BARGAEDO PILOÑA,ASTURIAS,43.37722222222222,-5.397222222222223,270
1203D,,COLUNGA,ASTURIAS,43.494166666666665,-5.245833333333334,35
1208H,08014,"GIJÓN, MUSEL",ASTURIAS,43.56083333333333,-5.698611111111111,5
1210X,08012,CABO PEÑAS,ASTURIAS,43.65555555555555,-5.849166666666666,100
1212E,08011,ASTURIAS/AVILÉS,ASTURIAS,43.566944444444445,-6.0441666666666665,127
1221D,08031,PAJARES - VALGRANDE,ASTURIAS,42.97694444444445,-5.7780555555555555,1480
1223P,,RONZÓN,ASTURIAS,43.134166666666665,-5.820833333333333,370
1226X,,CUEVAS DE FELECHOSA,ASTURIAS,43.09527777777778,-5.476944444444444,750
1234P,,MIERES-BAÍÑA,ASTURIAS,43.27444444444444,-5.819166666666667,172
1249I,08015,OVIEDO,ASTURIAS,43.35444444444445,-5.872777777777778,336
1272B,,SOTO DE LA BARCA,ASTURIAS,43.290277777777774,-6.385833333333334,285
1276F,,POLA DE SOMIEDO-DEPURADORA,ASTURIAS,43.10055555555556,-6.255277777777778,668
1279X,,CAMUÑO,ASTURIAS,43.42583333333333,-6.228888888888889,230
1283U,08010,CABO BUSTO,ASTURIAS,43.56916666666667,-6.47,63
1302F,,"DEGAÑA, COTO CORTÉS",ASTURIAS,42.95638888888889,-6.470555555555555,1305
1309C,,SAN ANTOLIN DE IBIAS-LINARES,ASTURIAS,43.026944444444446,-6.884722222222222,762
1327A,,ONETA,ASTURIAS,43.465833333333336,-6.671388888888889,374
1331D,08009,FIGUERAS DE CASTROPOL,ASTURIAS,43.5375,-7.02,25
1341B,,OURIA DE TARAMUNDI,ASTURIAS,43.41555555555556,-7.060833333333333,335
1542,08052,PUERTO DE LEITARIEGOS,ASTURIAS,42.99722222222222,-6.418611111111112,1550
2430Y,,MUÑOTELLO,ÁVILA,40.544999999999995,-5.042777777777777,1178
2444,08210,ÁVILA,ÁVILA,40.659166666666664,-4.680000000000001,1130
2453E,,GOTARRENDURA,ÁVILA,40.82972222222222,-4.740555555555556,920
2456B,,AREVALO,ÁVILA,41.07333333333334,-4.728611111111111,820
2512Y,,RIVILLA DE BARAJAS,ÁVILA,40.88388888888889,-5.017222222222222,925
2811A,08206,NAVARREDONDA DE GREDOS,ÁVILA,40.35055555555556,-5.143055555555556,1550
2828Y,,BARCO DE AVILA,ÁVILA,40.35722222222223,-5.517777777777778,1012
3319D,,PUERTO EL PICO,ÁVILA,40.34138888888889,-5.011388888888889,1285
3323D,,NAVALUENGA,ÁVILA,40.41277777777778,-4.691666666666667,776
3337U,,CEBREROS,ÁVILA,40.46888888888889,-4.454166666666667,850
3391,08208,SOTILLO DE LA ADRADA,ÁVILA,40.28861111111111,-4.590833333333333,630
3422D,,CANDELEDA,ÁVILA,40.14083333333333,-5.31,350
4244X,08264,HERRERA DEL DUQUE,BADAJOZ,39.17055555555555,-5.060833333333333,447
4260,,PERALEDA DEL ZAUCEJO,BADAJOZ,38.48166666666667,-5.576388888888888,542
4325X,,CASTUERA,BADAJOZ,38.72277777777778,-5.543333333333333,512
4340,,NAVALVILLAR DE PELA,BADAJOZ,39.10527777777778,-5.46,308
4358X,08333,DON BENITO,BADAJOZ,38.956944444444446,-5.879166666666667,273
4386B,08336,LLERENA,BADAJOZ,38.23305555555556,-6.015833333333333,655
4395X,,VILLAFRANCA DE LOS BARROS,BADAJOZ,38.55305555555555,-6.305555555555555,430
4410X,08331,MÉRIDA,BADAJOZ,38.92361111111111,-6.384722222222223,220
4427X,,ZAFRA,BADAJOZ,38.426944444444445,-6.435277777777778,433
4436Y,,ALMENDRALEJO,BADAJOZ,38.69083333333333,-6.359166666666666,371
4452,08330,BADAJOZ/TALAVERA LA REAL,BADAJOZ,38.88333333333333,-6.829166666666667,185
4464X,,ALBURQUERQUE,BADAJOZ,39.18333333333333,-6.993055555555555,283
4468X,,PUEBLA DE OBANDO,BADAJOZ,39.17777777777778,-6.599722222222222,392
4478X,,BADAJOZ CMT,BADAJOZ,38.88777777777778,-7.008055555555556,175
4486X,,OLIVENZA,BADAJOZ,38.70027777777778,-7.081666666666666,93
4489X,,ALCONCHEL,BADAJOZ,38.48444444444444,-7.278888888888889,170
4492E,,BARCARROTA,BADAJOZ,38.47666666666667,-6.921388888888889,387
4497X,,VILLANUEVA DEL FRESNO,BADAJOZ,38.37277777777778,-7.1577777777777785,247
4499X,,MONESTERIO,BADAJOZ,38.08527777777778,-6.276666666666666,750
4501X,,FUENTE DE CANTOS,BADAJOZ,38.21,-6.309166666666666,602
4511C,08337,JEREZ DE LOS CABALLEROS,BADAJOZ,38.3,-6.763888888888889,381
4520X,,FREGENAL DE LA SIERRA,BADAJOZ,38.180277777777775,-6.660277777777778,586
5473X,,AZUAGA,BADAJOZ,38.26166666666666,-5.680555555555556,550
0061X,,PONTONS,BARCELONA,41.418055555555554,1.5202777777777776,630
0066X,,VILAFRANCA DEL PENEDÈS,BARCELONA,41.33027777777778,1.6769444444444443,174
0073X,,SITGES-VALLCARCA,BARCELONA,41.245555555555555,1.853888888888889,54
0076,08181,BARCELONA/AEROPUERTO,BARCELONA,41.29277777777778,2.0700000000000003,4
0092X,,"BERGA, INSTITUTO",BARCELONA,42.10138888888889,1.8575000000000002,690
0106X,,BALSARENY,BARCELONA,41.86638888888889,1.8725,352
0114X,,PRATS DE LLUÇANÈS,BARCELONA,42.00805555555556,2.0280555555555555,700
0120X,,MOIÀ,BARCELONA,41.814166666666665,2.0966666666666667,735
0149X,08174,MANRESA,BARCELONA,41.721111111111114,1.8391666666666668,291
0158X,,MONTSERRAT,BARCELONA,41.595555555555556,1.840277777777778,735
0194D,08179,"CORBERA ,PIC D´AGULLES",BARCELONA,41.408055555555556,1.8847222222222222,651
0201D,08180,"BARCELONA,CMT",BARCELONA,41.39055555555556,2.2,25
0201X,,"BARCELONA, DRASSANES",BARCELONA,41.375,2.1738888888888885,37
0222X,,CALDES DE MONTBUI,BARCELONA,41.61388888888889,2.1688888888888886,168
0229I,08192,SABADELL/AERÓDROMO,BARCELONA,41.52972222222222,2.1008333333333336,141
0244X,,VILASSAR DE DALT,BARCELONA,41.50666666666667,2.363611111111111,60
0252D,08186,ARENYS DE MAR,BARCELONA,41.59027777777778,2.5444444444444443,50
0255B,08188,SANTA SUSANA,BARCELONA,41.65,2.716666666666667,45
0260X,,FONTMARTINA,BARCELONA,41.76083333333333,2.4319444444444445,929
2106B,,CORUÑA DEL CONDE,BURGOS,41.74666666666667,-3.3805555555555555,945
2117D,08144,ARANDA DE DUERO,BURGOS,41.66583333333333,-3.742777777777778,790
2290Y,,PEDROSA DEL PRÍNCIPE,BURGOS,42.25194444444445,-4.197222222222223,771
2298,08149,PALACIOS DE LA SIERRA,BURGOS,41.96083333333333,-3.1302777777777777,1080
2302N,,MONTERRUBIO DE LA DEMANDA,BURGOS,42.147777777777776,-3.1097222222222225,1190
2311Y,,VILLAMAYOR DE LOS MONTES,BURGOS,42.10638888888889,-3.766388888888889,882
9012E,,SANTA GADEA DE ALFOZ,BURGOS,42.95111111111111,-3.956944444444445,915
9031C,,BRIVIESCA,BURGOS,42.56055555555555,-3.3077777777777775,730
9051,08063,MEDINA DE POMAR,BURGOS,42.92111111111111,-3.4808333333333334,580
9069C,,MIRANDA DE EBRO,BURGOS,42.67055555555555,-2.943055555555556,512
9111,08077,BELORADO,BURGOS,42.42611111111111,-3.1574999999999998,875
3386A,,NAVALVILLAR DE IBOR,CÁCERES,39.59277777777778,-5.382777777777777,923
3423I,,MADRIGAL DE LA VERA,CÁCERES,40.153055555555554,-5.373055555555555,464
3434X,08254,NAVALMORAL DE LA MATA,CÁCERES,39.94694444444444,-5.581388888888888,269
3436D,,GARGANTA DE LA OLLA,CÁCERES,40.11055555555556,-5.784166666666667,690
3448X,,SERRADILLA,CÁCERES,39.83083333333334,-6.140555555555556,410
3455X,,JARAICEJO,CÁCERES,39.672777777777775,-5.805555555555555,510
3463X,08263,TRUJILLO,CÁCERES,39.48416666666667,-5.855277777777777,503
3469A,08261,CÁCERES,CÁCERES,39.47222222222222,-6.339444444444444,405
3475X,,CAÑAVERAL,CÁCERES,39.791666666666664,-6.374444444444444,373
3494U,,NUÑOMORAL,CÁCERES,40.409166666666664,-6.235555555555556,475
3503,,GUIJO DE GRANADILLA,CÁCERES,40.19277777777778,-6.1641666666666675,393
3504X,,HERVAS,CÁCERES,40.26416666666667,-5.859999999999999,738
3512X,,MONTEHERMOSO,CÁCERES,40.07916666666667,-6.336944444444444,351
3514B,,TORNAVACAS,CÁCERES,40.25944444444445,-5.676944444444445,991
3516X,,PIORNAL,CÁCERES,40.11527777777778,-5.849166666666666,1175
3519X,08252,PLASENCIA,CÁCERES,40.0425,-6.084722222222222,420
3526X,08251,CORIA,CÁCERES,40.00472222222222,-6.556666666666667,313
3531X,,TORRECILLA DE LOS ANGELES,CÁCERES,40.255833333333335,-6.41,462
3536X,,HOYOS,CÁCERES,40.17611111111111,-6.723055555555556,569
3540X,,ZARZA LA MAYOR,CÁCERES,39.8725,-6.858333333333333,336
3547X,,VALVERDE DE FRESNO,CÁCERES,40.20055555555556,-6.8902777777777775,498
3562X,,"ALISEDA, LA UMBRÍA",CÁCERES,39.42833333333333,-6.735,321
3565X,,BROZAS,CÁCERES,39.613055555555555,-6.780833333333334,411
3576X,08260,VALENCIA DE ALCÁNTARA,CÁCERES,39.41611111111111,-7.247777777777777,445
4245X,,GUADALUPE,CÁCERES,39.45305555555556,-5.328055555555555,640
4339X,,"CAÑAMERO, EL PINAR",CÁCERES,39.315555555555555,-5.3677777777777775,590
4347X,,ZORITA,CÁCERES,39.284166666666664,-5.708888888888889,413
4411C,,ALCUESCAR,CÁCERES,39.19777777777777,-6.230555555555556,460
5906X,,"CHIPIONA, ECA",CÁDIZ,36.75138888888889,-6.399166666666667,10
5911A,08455,GRAZALEMA,CÁDIZ,36.76166666666666,-5.3694444444444445,900
5919X,,OLVERA-COOP.AGRÍCOLA,CÁDIZ,36.933055555555555,-5.258055555555556,540
5941X,,"EL BOSQUE, SAN JOSÉ",CÁDIZ,36.730555555555554,-5.510555555555555,295
5950X,,SAN JOSE DEL VALLE-PT GUADALCACÍN,CÁDIZ,36.665277777777774,-5.781944444444444,105
5960,08451,JEREZ DE LA FRONTERA/AEROPUERTO,CÁDIZ,36.75055555555556,-6.055833333333333,27
5972X,08453,SAN FERNANDO,CÁDIZ,36.46555555555556,-6.205555555555556,28
5983X,,"MEDINA SIDONIA, EL HUNDIDO",CÁDIZ,36.407777777777774,-5.9188888888888895,90
5995B,08457,VEJER DE LA FRONTERA,CÁDIZ,36.24805555555556,-5.967222222222222,160
5996B,,"BARBATE, DEPURADORA",CÁDIZ,36.186388888888885,-5.908333333333334,4
6001,08458,TARIFA,CÁDIZ,36.015277777777776,-5.5975,32
6042I,,JIMENA DE LA FRONTERA-EL DORADO,CÁDIZ,36.43694444444444,-5.3933333333333335,50
6056X,,"SAN ROQUE, SOTOGRANDE",CÁDIZ,36.274166666666666,-5.283055555555555,1
1083X,08020,ONTON,CANTABRIA,43.355555555555554,-3.1741666666666664,80
1096X,,TRETO,CANTABRIA,43.39666666666667,-3.47,10
1102D,,SOBA-ALTO MIERA,CANTABRIA,43.19166666666666,-3.684444444444445,695
1109,08021,SANTANDER/PARAYAS,CANTABRIA,43.42916666666667,-3.8313888888888887,5
1111,08023,"SANTANDER,CMT",CANTABRIA,43.49166666666667,-3.799722222222222,52
1124E,,VILLACARRIEDO - SANTIBAÑEZ,CANTABRIA,43.24666666666667,-3.847777777777778,194
1135C,,BÁRCENA MAYOR-TORIZ,CANTABRIA,43.14861111111111,-4.212777777777778,455
1154H,,TORRELAVEGA-SIERRAPANDO,CANTABRIA,43.35055555555556,-4.033055555555555,100
1159,08017,"SAN VICENTE, FARO",CANTABRIA,43.394444444444446,-4.390833333333334,39
1167B,,FUENTE DÉ-TELEFÉRICO,CANTABRIA,43.14555555555555,-4.811388888888889,1090
1174I,,TAMA,CANTABRIA,43.18388888888889,-4.600555555555555,250
1176A,,TRESVISO,CANTABRIA,43.25555555555555,-4.6688888888888895,912
1740,,ALTAMIRA,CANTABRIA,43.37888888888889,-4.123055555555555,150
9001D,08032,NESTARES,CANTABRIA,42.99388888888889,-4.1594444444444445,875
9016X,,CUBILLO DE EBRO,CANTABRIA,42.80888888888889,-4.032222222222222,765
9019B,08033,POLIENTES-CASYC,CANTABRIA,42.805,-3.92,720
8439X,,"SEGORBE, MASIA HOYA",CASTELLÓN,39.79666666666667,-0.4891666666666667,460
8472A,,ARENOS-PANTANO,CASTELLÓN,40.08861111111111,-0.5455555555555556,601
8489X,08241,VILLAFRANCA,CASTELLÓN,40.434999999999995,-0.255,1130
8492X,,ATZENETA DEL MAESTRAT,CASTELLÓN,40.22833333333333,-0.1686111111111111,420
8500A,08286,CASTELLÓN,CASTELLÓN,39.95,-0.07138888888888889,35
8503Y,,TORREBLANCA AYUNTAMIENTO (C.AGRARIA LOCAL),CASTELLÓN,40.212500000000006,0.2013888888888889,16
8520X,,FREDES,CASTELLÓN,40.69555555555555,0.16555555555555554,1174
8523X,08239,VINAROZ,CASTELLÓN,40.559444444444445,0.4305555555555556,110
9563X,08237,CASTELLFORT,CASTELLÓN,40.50416666666667,-0.18888888888888888,1181
5000C,60320,CEUTA,CEUTA,35.89,-5.345833333333333,87
4064Y,,ALCAZAR DE SAN JUAN,CIUDAD REAL,39.3925,-3.2144444444444447,664
4103X,08276,TOMELLOSO,CIUDAD REAL,39.151111111111106,-3.0102777777777776,662
4121,08348,CIUDAD REAL,CIUDAD REAL,38.989444444444445,-3.919722222222222,628
4138Y,,VILLANUEVA DE LOS INFANTES,CIUDAD REAL,38.73916666666667,-3.0030555555555556,870
4147X,08351,VALDEPEÑAS,CIUDAD REAL,38.770833333333336,-3.3930555555555557,700
4148,08345,VISO DEL MARQUÉS,CIUDAD REAL,38.51833333333333,-3.5625,778
4210Y,,ABENOJAR,CIUDAD REAL,38.89805555555556,-4.291944444444444,718
4220X,08271,PUEBLA DE DON RODRIGO,CIUDAD REAL,39.08861111111111,-4.616388888888888,485
4300Y,,MINAS DE ALMADÉN,CIUDAD REAL,38.776944444444446,-4.8438888888888885,535
5304Y,,PUERTOLLANO,CIUDAD REAL,38.67055555555555,-4.058055555555556,700
5341C,,FUENCALIENTE,CIUDAD REAL,38.43055555555555,-4.300277777777778,640
4263X,,VALSEQUILLO,CÓRDOBA,38.410555555555554,-5.349166666666666,575
4267X,08335,HINOJOSA DEL DUQUE,CÓRDOBA,38.5,-5.129166666666666,540
5346X,,"CARDEÑA, SANTA ELENA",CÓRDOBA,38.18666666666666,-4.271388888888889,720
5361X,,"MONTORO,VEGA ARMIJO",CÓRDOBA,38.01416666666667,-4.328888888888889,155
5390Y,08346,VILLANUEVA DE CÓRDOBA,CÓRDOBA,38.330555555555556,-4.615833333333333,740
5394X,,"CORDOBA , EMACSA",CÓRDOBA,38.02166666666667,-4.795277777777778,525
5402,08410,CÓRDOBA/AEROPUERTO,CÓRDOBA,37.844166666666666,-4.846111111111111,90
5412X,,"PRIEGO DE CÓRDOBA, SAN FELIX",CÓRDOBA,37.48833333333334,-4.203888888888889,520
5427X,08412,DOÑA MENCIA,CÓRDOBA,37.55777777777777,-4.354166666666666,650
5459X,,ESPIEL-C.TÉRMICA,CÓRDOBA,38.11194444444445,-4.926944444444445,465
5470,,FUENTE PALMERA-LOS ARROYONES,CÓRDOBA,37.754444444444445,-5.099166666666666,120
5598X,,BENAMEJÍ-ALCACHOFARES ALTOS,CÓRDOBA,37.23277777777778,-4.546388888888889,465
5624X,,"AGUILAR, LAGUNA ZOÑAR",CÓRDOBA,37.48027777777778,-4.699166666666667,305
5625X,,"LA RAMBLA, PRIVILEGIO",CÓRDOBA,37.63944444444444,-4.7625,200
3040Y,,BETETA,CUENCA,40.57277777777778,-2.075277777777778,1214
3044X,08230,CAÑIZARES,CUENCA,40.53333333333333,-2.1505555555555556,940
3094B,08277,TARANCÓN,CUENCA,40.01138888888889,-3.0213888888888887,808
4051Y,,ALCÁZAR DEL REY,CUENCA,40.062777777777775,-2.8055555555555554,875
4070Y,,ABIA DE OBISPALIA,CUENCA,40.01916666666666,-2.3955555555555557,1020
4075Y,,VILLARES DEL SAZ,CUENCA,39.84166666666667,-2.5016666666666665,897
4089A,,ALBERCA DE ZANCARA,CUENCA,39.51694444444444,-2.493055555555556,776
4090Y,08256,SAN CLEMENTE,CUENCA,39.40555555555555,-2.4205555555555556,728
4093Y,,OSA DE LA VEGA,CUENCA,39.65611111111111,-2.76,763
4095Y,,BELMONTE,CUENCA,39.558055555555555,-2.7044444444444444,800
8096,08231,CUENCA,CUENCA,40.06666666666667,-2.1380555555555554,945
8155Y,,MOTILLA DEL PALANCAR,CUENCA,39.556666666666665,-1.9138888888888888,830
8210Y,,SALVACAÑETE,CUENCA,40.11083333333333,-1.5058333333333334,1270
8245Y,,MIRA,CUENCA,39.71555555555556,-1.4416666666666667,800
0281Y,,"BLANES,JARDIN BOTANICO",GIRONA,41.67805555555555,2.806388888888889,60
0284X,,CASTELL PLATJA D´ARO,GIRONA,41.80916666666666,3.0316666666666667,14
0312X,,SANT PAU DE SEGURIES,GIRONA,42.261944444444445,2.368333333333333,863
0320I,,PLANOLES,GIRONA,42.31805555555556,2.103888888888889,1149
0324A,08118,RIPOLL,GIRONA,42.192499999999995,2.1975,671
0360X,,LES PLANES D´HOSTOLES,GIRONA,42.051944444444445,2.5430555555555556,337
0363X,,SANT HILARI,GIRONA,41.8825,2.5144444444444445,810
0367,08184,GIRONA/COSTA BRAVA,GIRONA,41.91166666666666,2.763333333333333,143
0370E,,GIRONA-PARC MIGDIA,GIRONA,41.973333333333336,2.8202777777777777,79
0385X,,L´ESTARTIT,GIRONA,42.053888888888885,3.2013888888888893,1
0394X,,VALL DE BIANYA,GIRONA,42.23388888888889,2.4119444444444444,440
0411X,,CASTELLO D´EMPURIES,GIRONA,42.223055555555554,3.093055555555556,4
0421X,,"ESPOLLA, LES ALBERES",GIRONA,42.39055555555556,3.006666666666667,94
0429X,,"FIGUERES, LES ASPRES",GIRONA,42.25972222222222,2.961666666666667,47
9585,08117,LA MOLINA,GIRONA,42.33388888888889,1.9375,1704
5514,08420,GRANADA/BASE AÉREA,GRANADA,37.136944444444445,-3.631388888888889,687
5047E,08424,"BAZA, CRUZ ROJA",GRANADA,37.50694444444444,-2.733611111111111,801
5051X,08423,HUÉSCAR,GRANADA,37.861111111111114,-2.6527777777777777,1100
5515X,,GRANADA-CARTUJA,GRANADA,37.19194444444444,-3.593888888888889,780
5530E,08419,GRANADA/AEROPUERTO,GRANADA,37.189722222222215,-3.7894444444444444,567
5582A,08414,LOJA,GRANADA,37.163888888888884,-4.170555555555556,580
6258X,,LANJARÓN,GRANADA,36.92305555555555,-3.4925,708
6267X,,SALOBREÑA,GRANADA,36.75,-3.5774999999999997,20
6268X,08485,"MOTRIL,CLUB NAÚTICO",GRANADA,36.72416666666667,-3.5302777777777776,3
6268Y,,"MOTRIL, PUERTO NAÚTICO",GRANADA,36.725,-3.5280555555555555,3
6272X,,CASTELL DEL FERRO,GRANADA,36.73555555555556,-3.3786111111111112,235
6281X,,VÁLOR,GRANADA,37.001666666666665,-3.0716666666666668,950
3013,08232,MOLINA DE ARAGÓN,GUADALAJARA,40.84444444444445,-1.8852777777777778,1056
3085Y,,PASTRANA,GUADALAJARA,40.409166666666664,-2.9516666666666667,965
3103,,PANTANO EL VADO,GUADALAJARA,41.00055555555556,-3.2991666666666664,980
3130C,08150,SIGÜENZA,GUADALAJARA,41.083333333333336,-2.6330555555555555,1044
3140Y,,MANDAYONA,GUADALAJARA,40.98527777777778,-2.7569444444444446,990
3168C,08226,GUADALAJARA,GUADALAJARA,40.66111111111111,-3.1741666666666664,639
3209Y,,BRIHUEGA,GUADALAJARA,40.75555555555555,-2.8705555555555557,835
9377Y,,EL PEDREGAL,GUADALAJARA,40.778888888888886,-1.5688888888888888,1185
1012P,,IRUN-LAPIZE,GUIPÚZCOA,43.3275,-1.7952777777777778,120
1014,08029,SAN SEBASTIÁN/FUENTERRABIA,GUIPÚZCOA,43.36055555555556,-1.787222222222222,4
1021X,,RENTERIA (PRESA DEL AÑARBE),GUIPÚZCOA,43.21416666666667,-1.8777777777777778,165
1024E,08027,"SAN SEBASTIÁN,IGUELDO",GUIPÚZCOA,43.3075,-2.0394444444444444,251
1025X,,ARRIARAN,GUIPÚZCOA,43.05583333333333,-2.2308333333333334,255
1026X,,ORDIZIA-ARETA,GUIPÚZCOA,43.05916666666666,-2.1830555555555553,290
1036A,,ZARAUTZ-UNTZAIN,GUIPÚZCOA,43.28055555555555,-2.1799999999999997,60
1037X,,LEGAZPIA,GUIPÚZCOA,43.05277777777778,-2.3355555555555556,460
1037Y,08037,"ZUMARRAGA, URZABALETA",GUIPÚZCOA,43.080000000000005,-2.3177777777777777,420
1038X,,AZPEITIA-IBAIEDER,GUIPÚZCOA,43.17388888888889,-2.2655555555555558,180
1041A,08026,"ZUMAYA,FARO",GUIPÚZCOA,43.30222222222222,-2.2511111111111113,28
1048X,,ARETXABALETA-EMBALSE URKULU,GUIPÚZCOA,43.025555555555556,-2.464166666666667,308
1049X,,ELGETA-PRESA AIXOLA,GUIPÚZCOA,43.16277777777778,-2.508611111111111,318
1050J,08036,"ELGOIBAR,IBERDROLA",GUIPÚZCOA,43.20888888888889,-2.413611111111111,120
1052A,,MUTRIKU-GALDONAMENDI,GUIPÚZCOA,43.31805555555556,-2.3955555555555557,150
4527X,,"AROCHE , MASERA",HUELVA,37.98305555555556,-6.974166666666667,260
4549Y,08381,"AYAMONTE, ISLA CANELA",HUELVA,37.19583333333333,-7.393888888888889,2
4554X,,"CARTAYA , PEMARES",HUELVA,37.219166666666666,-7.081666666666666,15
4560Y,08380,"ALAJAR, CABEZO MOLINO",HUELVA,37.86972222222222,-6.673333333333334,572
4575X,,VALVERDE CAMINO (CH.GUADIANA AUTOMATICA),HUELVA,37.57138888888889,-6.751944444444445,273
4584X,,EL CERRO DE ANDEVALO,HUELVA,37.73277777777778,-6.940555555555556,270
4589X,,"ALOSNO, THARSIS-MINAS",HUELVA,37.59916666666667,-7.118055555555555,276
4608X,,"EL CAMPILLO, EL ZUMAJO",HUELVA,37.67805555555555,-6.628055555555556,415
4642E,08383,HUELVA,HUELVA,37.28,-6.909722222222222,19
5769X,,CALA,HUELVA,37.975,-6.320833333333333,618
5858X,,"ALMONTE, DOÑANA",HUELVA,36.99,-6.4413888888888895,5
5860E,08384,EL ARENOSILLO,HUELVA,37.10277777777778,-6.736111111111112,41
9198A,08097,CANFRANC,HUESCA,42.745555555555555,-0.5169444444444445,1160
9201K,08091,JACA,HUESCA,42.57805555555556,-0.5475,830
9207,,HECHO,HUESCA,42.74166666666667,-0.7488888888888888,855
9208E,08095,ARAGÜÉS DEL PUERTO,HUESCA,42.73888888888889,-0.6513888888888889,1120
9211F,,"BAILO,PUYLATO",HUESCA,42.51555555555556,-0.8166666666666667,722
9453X,,BIESCAS-BUBAL,HUESCA,42.70027777777778,-0.31777777777777777,1100
9460X,,SABIÑANIGO,HUESCA,42.51277777777778,-0.3555555555555555,775
9491X,,ALMUDÉVAR,HUESCA,42.03055555555555,-0.5847222222222223,390
9751,,SOPEIRA,HUESCA,42.31861111111112,0.7469444444444444,760
9756X,,BENABARRE,HUESCA,42.112500000000004,0.48,765
9784P,08103,BIELSA,HUESCA,42.62638888888889,0.22333333333333333,990
9808X,,"AINSA, LA SERRETA",HUESCA,42.42166666666667,0.13805555555555554,610
9814A,08101,TORLA,HUESCA,42.626666666666665,-0.11111111111111112,1020
9838B,08104,BENASQUE,HUESCA,42.598333333333336,0.5191666666666667,1120
9839T,08106,CERLER,HUESCA,42.58444444444444,0.5425,1600
9843A,,SEIRA,HUESCA,42.47694444444445,0.4341666666666667,825
9855E,,LAGUARRES,HUESCA,42.20138888888889,0.46611111111111114,600
9866C,,BARBASTRO,HUESCA,42.021388888888886,0.14055555555555554,305
9894X,08163,SARIÑENA,HUESCA,41.79138888888889,-0.15527777777777776,275
9894Y,,"SARIÑENA, DEPÓSITO AGUA",HUESCA,41.799166666666665,-0.16083333333333333,302
9898,08094,HUESCA/PIRINEOS,HUESCA,42.083333333333336,-0.3263888888888889,541
9901X,,HUESCA,HUESCA,42.138888888888886,-0.395,463
9908X,,"LANAJA, DGA",HUESCA,41.77388888888889,-0.33305555555555555,380
9911X,,"BALLOBAR, DGA",HUESCA,41.61944444444445,0.18777777777777777,178
9918X,08168,TAMARITE DE LITERA,HUESCA,41.780833333333334,0.3769444444444444,218
9918Y,,"TAMARITE DE LITERA, LA MELUSA",HUESCA,41.780833333333334,0.3769444444444444,218
9924X,,FRAGA,HUESCA,41.52472222222222,0.3555555555555555,170
B013X,08304,LLUC,ILLES BALEARS,39.82416666666667,2.8855555555555554,490
B087X,,BANYALBUFAR,ILLES BALEARS,39.689166666666665,2.512777777777778,60
B158X,,ES CAPDELLÀ- SON VIC NOU,ILLES BALEARS,39.55305555555555,2.465555555555556,35
B228,08301,"PALMA DE MALLORCA, CMT",ILLES BALEARS,39.55333333333333,2.625277777777778,3
B236C,,PALMA-UNIVERSITAT,ILLES BALEARS,39.64,2.6461111111111113,80
B248,08303,SIERRA DE ALFABIA,ILLES BALEARS,39.73638888888889,2.714166666666667,1030
B278,08306,PALMA DE MALLORCA/SON SAN JUAN,ILLES BALEARS,39.56083333333333,2.736666666666667,8
B301,08308,LLUCMAJOR-RADAR,ILLES BALEARS,39.37972222222222,2.7849999999999997,113
B334X,,LLUCMAJOR II,ILLES BALEARS,39.495555555555555,2.8916666666666666,140
B346X,08310,PORRERES,ILLES BALEARS,39.51972222222222,3.0233333333333334,120
B362X,,CAMPOS-CAN SION,ILLES BALEARS,39.40888888888889,3.0641666666666665,40
B373X,,CAMPOS-SALINES LEVANT,ILLES BALEARS,39.35194444444445,3.0125,3
B434X,08309,PORTO COLOM,ILLES BALEARS,39.414722222222224,3.2719444444444443,17
B496X,,SON SERVERA-CAN PEP MONJO,ILLES BALEARS,39.63027777777778,3.383611111111111,28
B526X,,ARTÀ-MOLI D´EN LEU,ILLES BALEARS,39.69,3.352222222222222,110
B569X,08311,"CAPDEPERA,FARO",ILLES BALEARS,39.715833333333336,3.4775,57
B603X,,COLÒNIA SANT PERE-CAN MENGOL,ILLES BALEARS,39.72277777777778,3.2783333333333333,100
B605X,,MURO-S´ALBUFERA,ILLES BALEARS,39.79611111111111,3.104166666666667,2
B614E,,MANACOR-POLIESPORTIU,ILLES BALEARS,39.55777777777777,3.2175000000000002,100
B644B,,SINEU-POLIESPORTIU,ILLES BALEARS,39.643055555555556,3.0019444444444443,120
B662X,,BINISSALEM-SA VINYOTA,ILLES BALEARS,39.67777777777778,2.8733333333333335,105
B691Y,08312,SA POBLA SA CANOVA,ILLES BALEARS,39.74888888888889,3.016388888888889,40
B760X,,POLLENÇA-POLIESPORTIU,ILLES BALEARS,39.87694444444445,3.0241666666666664,45
B780X,,PORT POLLENÇA-AERODROM,ILLES BALEARS,39.909444444444446,3.100277777777778,2
B825B,,MERCADAL,ILLES BALEARS,39.99055555555556,4.086388888888888,77
B860X,,CIUTADELLA-SON QUIM,ILLES BALEARS,39.992222222222225,3.854166666666667,20
B893,08314,MENORCA/MAÓ,ILLES BALEARS,39.85472222222222,4.2155555555555555,91
B908X,,SANT JOAN DE LABRITJA,ILLES BALEARS,39.05916666666666,1.493888888888889,110
B954,08373,IBIZA/ES CODOLA,ILLES BALEARS,38.87638888888889,1.3844444444444444,6
5038X,08353,CAZORLA I,JAÉN,37.91722222222222,-3.0025,799
5038Y,,CAZORLA II,JAÉN,37.91777777777777,-3.0025,799
5165X,,TORRES,JAÉN,37.78194444444444,-3.5619444444444444,910
5181D,08352,ARROYO DEL OJANCO,JAÉN,38.315555555555555,-2.89,580
5192,08354,VILLARRODRIGO,JAÉN,38.48555555555556,-2.6366666666666667,872
5210X,,VILLANUEVA DEL ARZOBISPO,JAÉN,38.17583333333333,-2.9966666666666666,680
5246,08350,SANTA ELENA,JAÉN,38.34166666666667,-3.5380555555555553,742
5270B,08417,JAÉN,JAÉN,37.77777777777778,-3.8074999999999997,582
5279X,,"LINARES, VOR",JAÉN,38.152499999999996,-3.6280555555555556,515
5281X,,BAILÉN,JAÉN,38.09527777777778,-3.781111111111111,345
5298X,08347,ANDÚJAR,JAÉN,38.024166666666666,-4.0625,193
5406X,,ALCALÁ LA REAL CHARILLA,JAÉN,37.49916666666667,-3.9066666666666667,915
9115X,,VALDEZCARAY,LA RIOJA,42.255833333333335,-2.9669444444444446,1630
9121X,,HARO,LA RIOJA,42.57527777777778,-2.854722222222222,465
9136X,,"ANGUIANO,VALVANERA",LA RIOJA,42.231388888888894,-2.8719444444444444,1020
9141V,,NAJERA,LA RIOJA,42.415,-2.7255555555555557,500
9145Y,,"CENICERO, BODEGAS",LA RIOJA,42.48277777777778,-2.6394444444444445,429
9170,08084,LOGROÑO/AGONCILLO,LA RIOJA,42.452222222222225,-2.331111111111111,353
9173O,08152,CALAHORRA,LA RIOJA,42.327222222222225,-1.9652777777777777,299
9283Y,,"ALFARO, AYUNTAMIENTO",LA RIOJA,42.18444444444444,-1.7897222222222222,285
C029O,60040,LANZAROTE/AEROPUERTO,LAS PALMAS,28.951944444444443,-13.600277777777777,14
C038N,,HARÍA-CEMENTERIO,LAS PALMAS,29.14361111111111,-13.489166666666666,277
C048W,,TINAJO-LOS DOLORES,LAS PALMAS,29.0425,-13.680833333333332,275
C229X,,PÁJARA-PUERTO MORRO JABLE,LAS PALMAS,28.049166666666668,-14.358055555555556,7
C239N,,TUINEJE-PUERTO GRAN TARAJAL,LAS PALMAS,28.20861111111111,-14.023055555555556,1
C248E,,ANTIGUA-EL CARBÓN,LAS PALMAS,28.416666666666668,-14.019166666666667,252
C249I,60035,FUERTEVENTURA/AEROPUERTO,LAS PALMAS,28.44472222222222,-13.863055555555555,25
C258K,,LA OLIVA (CARRETERA DEL COTILLO),LAS PALMAS,28.6125,-13.931944444444444,217
C259X,,LA OLIVA-PUERTO DE CORRALEJO,LAS PALMAS,28.740555555555556,-13.863333333333333,6
C611E,,SAN MATEO-CORRAL DE LOS JUNCOS,LAS PALMAS,27.97722222222222,-15.58388888888889,1702
C612F,,TEJEDA-CRUZ DE TEJEDA,LAS PALMAS,28.006944444444443,-15.59888888888889,1514
C619X,,AGAETE-CASCO,LAS PALMAS,28.101111111111113,-15.712777777777777,5
C619Y,60027,LA ALDEA DE SAN NICOLAS,LAS PALMAS,28.00111111111111,-15.807500000000001,13
C623I,,SAN BARTOLOME TIRAJANA (CUEVAS DEL PINAR),LAS PALMAS,27.92666666666667,-15.6,1220
C625O,,SAN BARTOLOME TIRAJANA-LOMO PEDRO ALFONSO,LAS PALMAS,27.856944444444444,-15.645,806
C628B,,SAN NICOLAS T.-TASARTE/COPARLITA,LAS PALMAS,27.90888888888889,-15.770000000000001,318
C629I,,"MOGÁN, PUERTO II",LAS PALMAS,27.81638888888889,-15.764166666666666,12
C629Q,,"MOGAN, PUERTO RICO",LAS PALMAS,27.779999999999998,-15.71111111111111,10
C629X,60036,"MOGÁN, PUERTO I",LAS PALMAS,27.81638888888889,-15.764166666666666,10
C635B,,SAN BARTOLOME TIRAJANA-H.LAS TIRAJANAS,LAS PALMAS,27.92,-15.574166666666667,960
C639U,,SAN BARTOLOME TIRAJANA (EL MATORRAL),LAS PALMAS,27.8125,-15.453333333333333,41
C639Y,,SAN BARTOLOME TIRAJANA-C.INSULAR TURISMO,LAS PALMAS,27.758055555555554,-15.575555555555555,45
C648C,,AGÜIMES-EL MILANO,LAS PALMAS,27.9025,-15.453888888888889,306
C648N,,TELDE-CENTRO FORESTAL DORAMAS,LAS PALMAS,27.9875,-15.457777777777777,344
C649I,60030,LAS PALMAS DE GRAN CANARIA/GANDO,LAS PALMAS,27.9225,-15.389444444444443,24
C649R,,TELDE-MELENARA,LAS PALMAS,27.986944444444447,-15.377777777777778,9
C656V,,TEROR-OSORIO,LAS PALMAS,28.075277777777778,-15.547222222222222,683
C658X,,LAS PALMAS G.C.-TAFIRA/ZURBARÁN,LAS PALMAS,28.067777777777778,-15.453333333333333,269
C659H,60029,"LAS PALMAS G.C.,SAN CRISTÓBAL",LAS PALMAS,28.095,-15.414166666666667,55
C665T,,VALLESECO,LAS PALMAS,28.066111111111113,-15.565833333333334,900
C669B,,ARUCAS-BAÑADEROS,LAS PALMAS,28.141666666666666,-15.506944444444445,86
C689E,60037,MASPALOMAS,LAS PALMAS,27.735555555555557,-15.598055555555556,25
C839X,60045,TEGUISE LA GRACIOSA-HELIPUERTO,LAS PALMAS,29.229166666666664,-13.510277777777778,19
1178Y,,SOTO DE VALDEÓN,LEÓN,43.146388888888886,-4.930277777777778,953
1541B,,VILLABLINO,LEÓN,42.93,-6.3325,958
1549,08053,PONFERRADA,LEÓN,42.56388888888888,-6.6,534
1556X,08054,ALMAZCARA,LEÓN,42.59444444444445,-6.501944444444445,584
1561I,,VILLAR DE OTERO (LOS TROBOS),LEÓN,42.76638888888889,-6.673055555555556,770
2624C,,RIAÑO-ERMITA QUINTANILLA,LEÓN,42.95916666666667,-5.005833333333333,1090
2626Y,,SAHECHORES-HELIPUERTO,LEÓN,42.62277777777778,-5.191666666666667,916
2630X,08057,PUERTO DE SAN ISIDRO,LEÓN,43.06333333333333,-5.375833333333333,1510
2647Y,,SANTA LUCIA ORZONAGA,LEÓN,42.85666666666667,-5.605833333333333,1360
2661,08055,LEÓN/VIRGEN DEL CAMINO,LEÓN,42.58888888888889,-5.649444444444444,916
2664B,,VALENCIA DE DON JUAN,LEÓN,42.297777777777775,-5.503333333333333,788
2701D,,MIÑERA DE LUNA-EMBALSE,LEÓN,42.8875,-5.870555555555556,1120
2728B,,VILLAMECA,LEÓN,42.64972222222222,-6.069166666666667,995
2734D,,ASTORGA-DEPÓSITO AGUA,LEÓN,42.47777777777778,-6.073055555555555,919
2737E,08123,LAGUNAS DE SOMOZA,LEÓN,42.36666666666667,-6.183055555555556,1020
2742R,,BUSTILLO DEL PÁRAMO-LAS MATILLAS,LEÓN,42.46805555555556,-5.7780555555555555,850
9590,,MARTINET,LLEIDA,42.36222222222222,1.6930555555555555,1038
9619,08115,LA SEO D'URGELL,LLEIDA,42.35666666666667,1.4591666666666667,690
9632X,,JOSA-TUIXEN,LLEIDA,42.23027777777778,1.5694444444444444,1190
9638D,,COLL DE NARGÓ,LLEIDA,42.154444444444444,1.3119444444444446,603
9647X,,TORÀ,LLEIDA,41.80583333333333,1.3955555555555554,435
9650X,,ARTESA DE SEGRE,LLEIDA,41.88138888888889,1.1086111111111112,400
9657X,,ESTERRI D´ÀNEU,LLEIDA,42.625,1.126111111111111,940
9689X,,CABDELLA-CENTRAL,LLEIDA,42.46638888888889,0.9908333333333332,1278
9698U,08112,TALARN,LLEIDA,42.20638888888889,0.8663888888888889,799
9707,,LLIMIANA,LLEIDA,42.066944444444445,0.9072222222222223,515
9720X,08173,TÀRREGA,LLEIDA,41.651111111111106,1.1458333333333333,363
9724X,,OS DE BALAGUER,LLEIDA,41.873333333333335,0.7561111111111111,515
9729X,,MOLLERUSSA,LLEIDA,41.61694444444444,0.8666666666666667,250
9744B,,BARRUERA,LLEIDA,42.50333333333333,0.7988888888888889,1092
9771C,08171,LLEIDA,LLEIDA,41.62583333333333,0.5950000000000001,192
9775X,,EL SOLERÀS,LLEIDA,41.415277777777774,0.6658333333333334,410
9990X,08107,ARTIES,LLEIDA,42.700833333333335,0.8766666666666667,1185
9994X,,BOSSÒST-CENTRAL,LLEIDA,42.77611111111111,0.6897222222222222,725
1297E,,CERVANTES-BAZAL,LUGO,42.769444444444446,-7.015833333333333,1020
1342X,,"RIBADEO, VILAFRAMIL",LUGO,43.541666666666664,-7.081388888888888,43
1344X,,MONDOÑEDO,LUGO,43.43222222222222,-7.360277777777777,125
1347T,,BURELA,LUGO,43.651666666666664,-7.355555555555555,80
1505,08008,LUGO/ROZAS,LUGO,43.11527777777778,-7.456111111111111,445
1518A,,LUGO-COL.FINGOI,LUGO,42.99916666666667,-7.551388888888889,442
1521I,,O PÁRAMO,LUGO,42.84666666666667,-7.498055555555555,403
1521X,,BECERREA-PENAMAIOR,LUGO,42.865,-7.183333333333334,1080
1658,,FOLGOSO DO COUREL,LUGO,42.589444444444446,-7.190277777777778,612
1679A,,MONFORTE DE LEMOS,LUGO,42.532777777777774,-7.509166666666666,291
2462,08215,"NAVACERRADA,PUERTO",MADRID,40.78055555555555,-4.010277777777778,1894
3100B,08229,ARANJUEZ,MADRID,40.06722222222223,-3.546111111111111,540
3104Y,,"RASCAFRÍA, EL PAULAR",MADRID,40.88805555555555,-3.8866666666666667,1159
3110C,08146,BUITRAGO,MADRID,41.00694444444444,-3.613611111111111,1026
3111D,08145,SOMOSIERRA,MADRID,41.13527777777778,-3.574722222222222,1450
3125Y,,SAN SEBASTIÁN DE LOS REYES,MADRID,40.57194444444445,-3.633611111111111,671
3126Y,,EL GOLOSO,MADRID,40.566944444444445,-3.7105555555555556,740
3129,08221,MADRID/BARAJAS,MADRID,40.46666666666667,-3.5555555555555554,609
3129A,08221,"MADRID,BARAJAS RS",MADRID,40.46666666666667,-3.576944444444444,633
3170Y,,ALCALA DE HENARES-ENCÍN,MADRID,40.53,-3.288333333333333,605
3182Y,,ARGANDA DEL REY,MADRID,40.31361111111111,-3.4963888888888888,533
3191E,08219,COLMENAR VIEJO/FAMET,MADRID,40.698611111111106,-3.7644444444444445,1004
3194U,08220,"MADRID, C. UNIVERSITARIA",MADRID,40.45277777777778,-3.7241666666666666,664
3194Y,,POZUELO DE ALARCÓN,MADRID,40.43666666666666,-3.8155555555555556,690
3195,08222,"MADRID,RETIRO",MADRID,40.411944444444444,-3.6780555555555554,667
3229Y,,TIELMES,MADRID,40.24888888888889,-3.3102777777777774,594
3266A,08217,ALTO DE LOS LEONES,MADRID,40.70805555555556,-4.133333333333334,1532
3268C,,ALPEDRETE,MADRID,40.66166666666666,-4.016111111111111,924
3330Y,,ROZAS DE PUERTO REAL,MADRID,40.31305555555555,-4.487222222222222,890
3338,08212,ROBLEDO DE CHAVELA,MADRID,40.42944444444444,-4.246111111111111,790
3343Y,,VALDEMORILLO,MADRID,40.498333333333335,-4.059722222222222,884
6032B,08443,RONDA,MÁLAGA,36.75277777777778,-5.169444444444445,765
6032X,,"RONDA, IES",MÁLAGA,36.75055555555556,-5.165555555555556,760
6040X,,CORTES DE LA FRONTERA,MÁLAGA,36.546388888888885,-5.384722222222223,315
6045X,,ALPANDEIRE,MÁLAGA,36.6325,-5.203055555555555,676
6050X,,GAUCÍN,MÁLAGA,36.51694444444444,-5.316388888888889,545
6057X,,MANILVA,MÁLAGA,36.38027777777778,-5.258611111111111,140
6058I,08463,ESTEPONA,MÁLAGA,36.416666666666664,-5.154722222222222,15
6069X,,"BENAHAVIS, LA ZAGALETA",MÁLAGA,36.54555555555555,-5.023055555555556,399
6076X,,"MARBELLA, PUERTO BANUS",MÁLAGA,36.48444444444444,-4.953055555555555,6
6083X,,"MARBELLA, CABOPINO",MÁLAGA,36.48555555555556,-4.738888888888889,2
6084X,08480,FUENGIROLA,MÁLAGA,36.53972222222222,-4.616944444444445,3
6088X,,TORREMOLINOS,MÁLAGA,36.62222222222222,-4.513333333333334,85
6106X,08413,ANTEQUERA-BOBADILLA,MÁLAGA,37.03055555555555,-4.753611111111111,400
6127X,,"ÁLORA, LAS PELONAS",MÁLAGA,36.85638888888889,-4.695277777777778,181
6143X,,COÍN,MÁLAGA,36.66166666666666,-4.7588888888888885,219
6156X,08481,"MÁLAGA,CMT",MÁLAGA,36.719166666666666,-4.480277777777778,60
6172O,08479,"MÁLAGA, PUERTO",MÁLAGA,36.717777777777776,-4.418333333333334,20
6172X,,MÁLAGA,MÁLAGA,36.717777777777776,-4.418055555555556,25
6175X,,RINCON DE LA VICTORIA,MÁLAGA,36.7175,-4.289166666666667,7
6199B,,VÉLEZ-MALAGA,MÁLAGA,36.777499999999996,-4.094166666666666,69
6201X,,"ALGARROBO, LA MAYORA",MÁLAGA,36.774166666666666,-4.040555555555556,80
6205X,08484,"TORROX,FARO",MÁLAGA,36.730555555555554,-3.9575,5
6213X,,"NERJA,CUEVAS DE NERJA",MÁLAGA,36.76416666666667,-3.841388888888889,169
6375X,,FUENTE DE PIEDRA,MÁLAGA,37.13388888888889,-4.740555555555556,423
6000A,60338,MELILLA,MELILLA,35.27777777777778,-2.955277777777778,47
7002Y,08432,ÁGUILAS,MURCIA,37.41722222222222,-1.5869444444444445,26
7012C,08434,CARTAGENA,MURCIA,37.602222222222224,-0.9866666666666666,17
7023X,,FUENTE ÁLAMO,MURCIA,37.72777777777778,-1.166111111111111,140
7026X,,TORRE PACHECO (C.C.A.),MURCIA,37.74277777777778,-0.9655555555555555,50
7031,08433,MURCIA/SAN JAVIER,MURCIA,37.788888888888884,-0.8033333333333333,4
7080X,,BENIZAR,MURCIA,38.27027777777778,-1.985,962
7119B,08365,"CARAVACA,FUENTES DEL MARQUÉS",MURCIA,38.1025,-1.8772222222222223,643
7121A,,CALASPARRA,MURCIA,38.23555555555556,-1.7005555555555556,394
7127X,,BULLAS,MURCIA,38.050555555555555,-1.693888888888889,690
7138B,,JUMILLA (C.C.A.),MURCIA,38.47416666666667,-1.3263888888888888,505
7145D,08363,"CIEZA, PARQUE DE BOMBEROS",MURCIA,38.23555555555556,-1.3827777777777779,265
7158X,,ARCHENA,MURCIA,38.12916666666667,-1.3041666666666667,183
7172X,,"MULA, P. BOMBEROS",MURCIA,38.04416666666666,-1.4516666666666667,290
7178I,08430,MURCIA,MURCIA,38.00277777777778,-1.1694444444444445,61
7203A,,ZARZILLA DE RAMOS,MURCIA,37.84666666666667,-1.8680555555555556,674
7209,08426,LORCA,MURCIA,37.65333333333333,-1.6894444444444445,320
7211B,,PUERTO LUMBRERAS,MURCIA,37.57,-1.7955555555555553,413
7218X,,TOTANA,MURCIA,37.76305555555555,-1.5,15
7227X,,ALHAMA (COMARZA),MURCIA,37.861666666666665,-1.3355555555555554,157
7237E,,MOLINA DE SEGURA (LOS VALIENTES),MURCIA,38.14194444444444,-1.1566666666666665,170
7250X,,ABANILLA,MURCIA,38.205555555555556,-1.0427777777777778,200
7275C,08356,YECLA,MURCIA,38.60166666666667,-1.1594444444444443,640
1002Y,08030,IRURITA,NAVARRA,43.13666666666666,-1.5416666666666665,183
1010X,,VERA DE BIDASOA,NAVARRA,43.28111111111111,-1.6752777777777776,78
1033X,,"ARESO, GUEREÑOENEA",NAVARRA,43.085,-1.9508333333333332,520
9171K,,LOS ARCOS,NAVARRA,42.57166666666667,-2.1824999999999997,470
9174,08079,SARTAGUDA,NAVARRA,42.36611111111111,-2.0524999999999998,310
9218A,08092,ISABA,NAVARRA,42.86194444444445,-0.9263888888888888,820
9228J,,OROZ-BETELU,NAVARRA,42.89722222222222,-1.2991666666666666,635
9228T,08088,RONCESVALLES,NAVARRA,43.006388888888885,-1.3225,940
9238X,,NAVASCUÉS,NAVARRA,42.718611111111116,-1.1155555555555556,615
9245X,,"CÁSEDA, DEPÓSITO",NAVARRA,42.5225,-1.365,440
9252X,,OLITE,NAVARRA,42.49027777777778,-1.6541666666666666,390
9257X,,EUGUI,NAVARRA,42.970555555555556,-1.5169444444444444,615
9262P,,MONREAL,NAVARRA,42.7025,-1.4941666666666666,585
9263D,08085,PAMPLONA/NOAIN,NAVARRA,42.776944444444446,-1.65,459
9263I,08089,ILUNDAIN,NAVARRA,42.776944444444446,-1.5297222222222222,572
9274X,,IRURTZUN,NAVARRA,42.91833333333333,-1.83,455
9280B,,LARRAGA,NAVARRA,42.550555555555555,-1.8558333333333334,375
9283X,08153,CADREITA,NAVARRA,42.206944444444446,-1.7113888888888888,268
9294E,08087,BARDENAS REALES,NAVARRA,42.19499999999999,-1.4725000000000001,295
9301X,,MONTEAGUDO,NAVARRA,41.96,-1.6905555555555556,410
9302X,08154,TUDELA I,NAVARRA,42.05638888888888,-1.6080555555555556,295
9302Y,,TUDELA II,NAVARRA,42.05638888888888,-1.6080555555555556,300
9995Y,,VALCARLOS,NAVARRA,43.09111111111111,-1.3008333333333333,334
1583X,,O BARCO DE VALDEORRAS,OURENSE,42.416666666666664,-6.991666666666667,315
1631E,08051,"POBRA DE TRIVES,SAN MAMEDE",OURENSE,42.34055555555556,-7.280555555555556,840
1639X,,CHANDREXA DE QUEIXA,OURENSE,42.26138888888889,-7.381666666666666,990
1690A,08048,OURENSE,OURENSE,42.32777777777778,-7.860277777777777,143
1696O,,BEARIZ,OURENSE,42.469166666666666,-8.27638888888889,610
1700X,08047,O CARBALLIÑO,OURENSE,42.419444444444444,-8.086666666666668,400
1701X,,RIBADAVIA,OURENSE,42.30083333333333,-8.127222222222223,112
1706A,,ALLARIZ-RIMELO,OURENSE,42.18416666666666,-7.792777777777777,492
1735X,08050,XINZO DE LIMIA,OURENSE,42.06111111111111,-7.724166666666667,600
1738U,,MUIÑOS-PRADO,OURENSE,41.93527777777778,-7.986666666666666,730
2969U,,MESÓN EROSA,OURENSE,42.028055555555554,-7.181666666666667,900
2978X,,AGUAS DE CABREIROA,OURENSE,41.92777777777778,-7.420555555555556,380
2235U,08058,CERVERA DE PISUERGA,PALENCIA,42.87166666666667,-4.518611111111111,1140
2243A,,AGUILAR DE CAMPOO,PALENCIA,42.79805555555556,-4.276666666666666,910
2276B,,VILLAELES DE VALDAVIA,PALENCIA,42.57055555555556,-4.573611111111111,908
2362C,,"CAMPORREDONDO DE ALBA, CUEVA DORADA",PALENCIA,42.89416666666666,-4.711666666666667,1575
2374X,08068,CARRIÓN DE LOS CONDES,PALENCIA,42.35194444444445,-4.615833333333333,830
2400E,08072,PALENCIA-AUTILLA PINO,PALENCIA,41.996944444444445,-4.601388888888889,874
2401X,,PALENCIA 'GRANJA VIÑALTA',PALENCIA,42.010555555555555,-4.559166666666666,736
2568D,,VILLAPUN,PALENCIA,42.525277777777774,-4.849444444444444,985
1466A,,SILLEDA,PONTEVEDRA,42.70166666666667,-8.256388888888889,422
1468X,,A ESTRADA,PONTEVEDRA,42.69333333333333,-8.501666666666667,269
1477V,,VILAGARCÍA DE AROUSA,PONTEVEDRA,42.58583333333333,-8.773055555555556,32
1484C,08044,PONTEVEDRA,PONTEVEDRA,42.44,-8.616388888888888,108
1489A,,A LAMA,PONTEVEDRA,42.408055555555556,-8.449166666666667,395
1495,08045,VIGO/PEINADOR,PONTEVEDRA,42.239444444444445,-8.623888888888889,261
1496X,,VIGO-O CASTRO,PONTEVEDRA,42.23166666666667,-8.722777777777777,120
1719,,A CAÑIZA,PONTEVEDRA,42.219166666666666,-8.279166666666667,560
1723X,,PONTEAREAS-CANEDO,PONTEVEDRA,42.183055555555555,-8.490833333333333,90
1730E,,O ROSAL,PONTEVEDRA,41.945277777777775,-8.845555555555556,55
2491C,08205,"LA HOYA, LA COBATILLA",SALAMANCA,40.35527777777778,-5.69,1960
2847X,,PEDROSILLO DE LOS AIRES-CASTILLEJO,SALAMANCA,40.67666666666666,-5.641666666666667,865
2863C,,PEDRAZA DE ALBA-VALLELARGO,SALAMANCA,40.73305555555556,-5.364999999999999,897
2867,08202,SALAMANCA/MATACAN,SALAMANCA,40.95944444444445,-5.498333333333333,790
2870,08201,"SALAMANCA,OBS.",SALAMANCA,40.95638888888889,-5.661388888888889,775
2871D,,SALAMANCA-UNIV.,SALAMANCA,40.95,-5.666666666666667,800
2873X,,BARBADILLO,SALAMANCA,40.905277777777776,-5.778611111111111,817
2883R,,LEDESMA-ESTACAS,SALAMANCA,41.206944444444446,-6.095833333333333,790
2891A,,VILLARINO DE LOS AIRES,SALAMANCA,41.26416666666667,-6.460555555555556,700
2914C,,BOADILLA FUENTE SAN ESTEBAN,SALAMANCA,40.786944444444444,-6.201388888888889,785
2916A,08129,VITIGUDINO,SALAMANCA,41.01277777777778,-6.436388888888889,769
2918Y,,EL MAILLO (BASE AVIONES),SALAMANCA,40.57138888888889,-6.222222222222222,1027
2926B,,BAÑOBÁREZ,SALAMANCA,40.852222222222224,-6.607222222222222,748
2930Y,,NAVASFRÍAS,SALAMANCA,40.29805555555556,-6.810833333333333,880
2945A,,EL BODÓN-BASE AÉREA,SALAMANCA,40.49055555555556,-6.570555555555555,805
2946X,08195,SAELICES EL CHICO,SALAMANCA,40.63638888888889,-6.5986111111111105,680
2135A,,FRESNO DE CANTIESPINO,SEGOVIA,41.373333333333335,-3.5055555555555555,993
2140A,,ALDEANUEVA DE SERREZUELA-EL CERRO,SEGOVIA,41.46638888888889,-3.7841666666666667,1135
2150H,08143,CEREZO DE ARRIBA,SEGOVIA,41.19305555555555,-3.473888888888889,1860
2182C,,RADES,SEGOVIA,41.13472222222222,-3.7888888888888888,1107
2192C,,CUÉLLAR,SEGOVIA,41.38444444444444,-4.264166666666667,795
2465,08213,SEGOVIA,SEGOVIA,40.94777777777777,-4.127222222222222,1005
2471Y,,SAN RAFAEL,SEGOVIA,40.70888888888889,-4.185277777777778,1260
2482B,,MIGUELAÑEZ,SEGOVIA,41.12722222222222,-4.3741666666666665,870
5612B,08399,RODA DE ANDALUCÍA,SEVILLA,37.19583333333333,-4.768611111111111,410
5612X,,LORA DE ESTEPA,SEVILLA,37.27305555555555,-4.825555555555555,450
5641X,08395,ÉCIJA,SEVILLA,37.516666666666666,-5.083888888888889,130
5654X,,LA PUEBLA DE LOS INFANTES,SEVILLA,37.78777777777778,-5.369999999999999,200
5656,,"FUENTES DE ANDALUCÍA, EL TRAVIESO",SEVILLA,37.49805555555556,-5.431666666666667,165
5702X,,"CARMONA, VILLEGAS",SEVILLA,37.56666666666667,-5.739166666666667,50
5704B,08392,CAZALLA DE LA SIERRA,SEVILLA,37.92833333333333,-5.766666666666667,550
5726X,,"GUADALCANAL, CRISTO",SEVILLA,38.10166666666667,-5.816666666666666,745
5733X,,"ALMADEN PLATA, LAS NAVAS",SEVILLA,37.79277777777778,-6.074166666666667,450
5783,08391,SEVILLA/SAN PABLO,SEVILLA,37.416666666666664,-5.879166666666667,34
5787E,08389,"SEVILLA,CMT",SEVILLA,37.401111111111106,-6.009722222222222,11
5790Y,,TABLADA,SEVILLA,37.36555555555556,-6.004166666666666,9
5796,08397,MORÓN DE LA FRONTERA,SEVILLA,37.15833333333333,-5.615833333333333,87
5835X,,CARRIÓN DE LOS CÉSPEDES,SEVILLA,37.36138888888889,-6.332777777777777,76
5891X,,"LAS CABEZAS DE SAN JUAN, MAJOLETO",SEVILLA,36.95444444444445,-5.844722222222222,105
5998X,,"OSUNA, SEA",SEVILLA,37.244166666666665,-5.110555555555555,255
2005X,08078,VINUESA-QUINTANAR,SORIA,41.96805555555556,-2.783333333333333,1197
2005Y,,VINUESA,SORIA,41.96944444444445,-2.781388888888889,1197
2017Y,,BARRIOMARTÍN-EL ROBLEDO,SORIA,41.99583333333334,-2.4941666666666666,1260
2030,08148,SORIA,SORIA,41.775,-2.4830555555555556,1082
2044B,,LUBIA-CEDER,SORIA,41.60166666666667,-2.5058333333333334,1100
2048A,,MORÓN DE ALMAZÁN,SORIA,41.419444444444444,-2.4202777777777778,978
2059B,,LA RIBA DE ESCALOTE,SORIA,41.350833333333334,-2.7816666666666667,1042
2092,,BURGO DE OSMA-POZUELOS,SORIA,41.59055555555556,-3.0855555555555556,932
2096B,,LICERAS-CAÑADA DEHESA,SORIA,41.375,-3.2516666666666665,1150
2296A,,ÓLVEGA-CAMINO VEGAFRÍA,SORIA,41.776666666666664,-1.975277777777778,1039
9287A,,SAN PEDRO MANRIQUE,SORIA,42.027499999999996,-2.229444444444445,1096
9344C,,ARCOS DE JALÓN-COEX,SORIA,41.2175,-2.2916666666666665,863
9352A,,ALMAZUL,SORIA,41.57611111111112,-2.1377777777777776,1000
C117A,,PUNTAGORDA,STA. CRUZ DE TENERIFE,28.760833333333334,-17.985555555555557,684
C117Z,,TIJARAFE-MIRADOR TIME,STA. CRUZ DE TENERIFE,28.674722222222222,-17.936944444444446,733
C126A,,EL PASO-C.F.,STA. CRUZ DE TENERIFE,28.653888888888886,-17.853333333333335,844
C129Z,60004,TAZACORTE,STA. CRUZ DE TENERIFE,28.59361111111111,-17.91611111111111,30
C139E,60005,LA PALMA/AEROPUERTO,STA. CRUZ DE TENERIFE,28.633055555555558,-17.755,33
C148F,,SAUCES-S.ANDRÉS-BALSA ADEYAHAME,STA. CRUZ DE TENERIFE,28.805,-17.7825,362
C314Z,,VALLEHERMOSO-ALTO IGUALERO,STA. CRUZ DE TENERIFE,28.106944444444444,-17.249166666666667,1475
C315P,,VALLEHERMOSO-CHIPUDE C.F.,STA. CRUZ DE TENERIFE,28.110833333333336,-17.263333333333332,1242
C317B,,AGULO-JUEGO BOLAS,STA. CRUZ DE TENERIFE,28.17888888888889,-17.213055555555556,765
C319W,,VALLEHERMOSO-DAMA,STA. CRUZ DE TENERIFE,28.054444444444446,-17.30666666666667,190
C328W,,HERMIGUA-DEPÓSITO AYUNTAMIENTO,STA. CRUZ DE TENERIFE,28.16361111111111,-17.194166666666668,252
C329Z,60008,SAN SEBASTIÁN DE LA GOMERA,STA. CRUZ DE TENERIFE,28.08972222222222,-17.11138888888889,15
C406G,,CAÑADAS PARADOR,STA. CRUZ DE TENERIFE,28.224166666666665,-16.62638888888889,2150
C419X,,ADEJE-CALDERA B,STA. CRUZ DE TENERIFE,28.08138888888889,-16.711111111111112,130
C428T,,ARICO-DEPURADORA LA DEGOLLADA,STA. CRUZ DE TENERIFE,28.18111111111111,-16.483611111111113,418
C429I,60025,TENERIFE/SUR,STA. CRUZ DE TENERIFE,28.047500000000003,-16.560833333333335,64
C430E,60010,IZAÑA,STA. CRUZ DE TENERIFE,28.30888888888889,-16.499444444444446,2371
C438N,,CANDELARIA-DEPOSITO CUEVECITAS,STA. CRUZ DE TENERIFE,28.35888888888889,-16.40138888888889,463
C446G,,LAS MERCEDES-LLANO LOS LOROS,STA. CRUZ DE TENERIFE,28.526666666666667,-16.280555555555555,868
C447A,60015,TENERIFE/LOS RODEOS,STA. CRUZ DE TENERIFE,28.4775,-16.329444444444444,632
C449B,,STA.CRUZ DE TENERIFE/JARDÍN BOTÁNICO,STA. CRUZ DE TENERIFE,28.46,-16.26,36
C449C,60020,STA.CRUZ DE TENERIFE,STA. CRUZ DE TENERIFE,28.46333333333333,-16.255277777777778,35
C449F,,ANAGA-COL. REP. ARGENTINA,STA. CRUZ DE TENERIFE,28.508055555555554,-16.195555555555554,19
C457I,,VICTORIA-DEPÓSITO MARRERO,STA. CRUZ DE TENERIFE,28.434722222222224,-16.454722222222223,567
C458A,,TACORONTE-A S.E.A.,STA. CRUZ DE TENERIFE,28.49638888888889,-16.42,310
C459Z,60012,PUERTO DE LA CRUZ,STA. CRUZ DE TENERIFE,28.418055555555558,-16.548055555555557,25
C468B,,SAN JUAN RAMBLA-MIRADOR MAZAPÉ,STA. CRUZ DE TENERIFE,28.389722222222222,-16.629722222222224,370
C469N,,SILOS-DEPURADORA,STA. CRUZ DE TENERIFE,28.378611111111113,-16.8175,28
C916Q,,PINAR-DEPÓSITO,STA. CRUZ DE TENERIFE,27.718888888888888,-17.978055555555553,948
C925F,,SAN ANDRÉS-DEPÓSITO CABILDO,STA. CRUZ DE TENERIFE,27.76861111111111,-17.96,1070
C929I,60001,HIERRO/AEROPUERTO,STA. CRUZ DE TENERIFE,27.81888888888889,-17.88888888888889,32
C939T,,SABINOSA-BALNEARIO,STA. CRUZ DE TENERIFE,27.75638888888889,-18.106944444444444,20
0002I,08169,VANDELLÓS,TARRAGONA,40.95861111111111,0.8716666666666667,22
0009X,,ALFORJA,TARRAGONA,41.21388888888889,0.9633333333333333,406
0016A,08175,REUS/AEROPUERTO,TARRAGONA,41.14972222222222,1.1788888888888889,71
0034X,,VALLS,TARRAGONA,41.293055555555554,1.2608333333333333,229
0042Y,,"TARRAGONA, FAC. GEOGRAFIA",TARRAGONA,41.12388888888889,1.2491666666666668,60
9726E,,LLORAC,TARRAGONA,41.55722222222222,1.3094444444444444,660
9946X,,HORTA DE SANT JOAN,TARRAGONA,40.95305555555556,0.31166666666666665,500
9947X,,MASSALUCA,TARRAGONA,41.17722222222222,0.35333333333333333,365
9961X,,CABACÉS,TARRAGONA,41.24944444444444,0.7352777777777777,360
9975X,,RASQUERA,TARRAGONA,41.00111111111111,0.6016666666666667,186
9981A,08238,TORTOSA,TARRAGONA,40.82055555555556,0.4913888888888889,44
9987P,08240,SANT JAUME,TARRAGONA,40.69777777777777,0.8138888888888889,1
8354X,,"ALBARRACIN, COMARCAL",TERUEL,40.42055555555555,-1.4402777777777778,1130
8368U,08235,TERUEL,TERUEL,40.349722222222226,-1.1166666666666667,900
8376,,JABALOYAS,TERUEL,40.23777777777778,-1.4102777777777777,1430
8458X,,"CEDRILLAS, ANTENAS",TERUEL,40.43138888888889,-0.85,1380
8486X,,"MOSQUERUELA, DEPOSITO",TERUEL,40.36083333333333,-0.46416666666666667,1505
9374X,,"SANTA EULALIA DEL CAMPO, COMARCAL",TERUEL,40.5675,-1.3194444444444444,1000
9381I,08233,CALAMOCHA,TERUEL,40.92611111111111,-1.2933333333333332,890
9436X,,FONFRÍA 'DGA',TERUEL,40.99666666666667,-1.0869444444444443,1262
9513X,,"MUNIESA, COMARCAL",TERUEL,41.032222222222224,-0.8044444444444445,800
9531X,08236,MONTALBÁN,TERUEL,40.82972222222222,-0.7916666666666666,885
9531Y,,"MONTALBÁN, DGA",TERUEL,40.82972222222222,-0.7916666666666666,885
9546B,,"HIJAR, DEPÓSITO",TERUEL,41.172777777777775,-0.4405555555555556,300
9550C,,"ANDORRA, HORCALLANA",TERUEL,40.975,-0.4063888888888889,762
9561X,,"CASTELLOTE, DEPÓSITO",TERUEL,40.799166666666665,-0.31416666666666665,755
9569A,08166,CALANDA,TERUEL,40.94083333333333,-0.2363888888888889,459
9573X,08164,ALCAÑIZ,TERUEL,41.058055555555555,-0.13777777777777778,320
9935X,,"VALDERROBRES, COMARCAL",TERUEL,40.873333333333335,0.1461111111111111,482
9998X,,BELLO,TERUEL,40.921388888888885,-1.4944444444444445,1006
3099Y,,OCAÑA,TOLEDO,39.93666666666666,-3.4983333333333335,733
3245Y,,TEMBLEQUE,TOLEDO,39.69777777777777,-3.5044444444444443,635
3254Y,,MORA DE TOLEDO,TOLEDO,39.68388888888889,-3.7741666666666664,717
3260B,08272,TOLEDO,TOLEDO,39.88472222222222,-4.049444444444444,515
3298X,08270,SAN PABLO DE LOS MONTES,TOLEDO,39.54861111111111,-4.351944444444444,917
3305Y,,NAVAHERMOSA,TOLEDO,39.632222222222225,-4.475555555555555,816
3362Y,,CASTILLO BAYUELA,TOLEDO,40.111666666666665,-4.679444444444445,583
3365A,08274,TALAVERA DE LA REINA,TOLEDO,39.958333333333336,-4.863611111111111,372
3427Y,,"OROPESA,DEHESÓN DEL ENCINAR",TOLEDO,39.995,-5.1130555555555555,345
4061X,08275,QUINTANAR DE LA ORDEN,TOLEDO,39.59166666666667,-3.0463888888888886,691
4067,08273,MADRIDEJOS,TOLEDO,39.46666666666667,-3.5305555555555554,690
4236Y,,PUERTO REY,TOLEDO,39.44555555555555,-5.021111111111111,620
8058X,08282,OLIVA,VALENCIA,38.926944444444445,-0.09583333333333333,5
8072Y,,BARX,VALENCIA,39.018055555555556,-0.30333333333333334,340
8193E,,JALANCE,VALENCIA,39.209722222222226,-1.0930555555555554,372
8270X,,BICORP,VALENCIA,39.135,-0.7888888888888889,299
8283X,,ONTINYENT,VALENCIA,38.83083333333334,-0.6066666666666667,350
8290X,,ENGUERA NAVALON,VALENCIA,38.9225,-0.8813888888888889,740
8293X,08290,XÀTIVA,VALENCIA,38.99166666666667,-0.5102777777777778,88
8300X,,CARCAIXENT,VALENCIA,39.11472222222223,-0.445,25
8309X,08281,"UTIEL, LA CUBERA",VALENCIA,39.57666666666667,-1.2436111111111112,761
8319X,,BUÑOL,VALENCIA,39.45194444444445,-0.8558333333333333,585
8325X,08287,POLINYÀ,VALENCIA,39.19166666666666,-0.3713888888888889,12
8337X,,TURÍS,VALENCIA,39.39333333333333,-0.6233333333333334,186
8381X,,ADEMUZ,VALENCIA,40.06111111111111,-1.2797222222222222,710
8395X,,CHELVA,VALENCIA,39.759166666666665,-0.9941666666666666,546
8409X,,LLIRIA,VALENCIA,39.665,-0.6525,180
8414A,08284,VALENCIA/AEROPUERTO,VALENCIA,39.486666666666665,-0.47333333333333333,69
8416,08285,VALENCIA,VALENCIA,39.480555555555554,-0.3663888888888889,11
2166Y,,PEÑAFIEL(FABRICA DE QUESOS),VALLADOLID,41.59638888888889,-4.118333333333333,756
2172Y,,SARDÓN DE DUERO,VALLADOLID,41.617222222222225,-4.410277777777778,720
2422,08141,VALLADOLID,VALLADOLID,41.65,-4.766666666666667,735
2503B,,"OLMEDO, DEPÓSITO AGUA",VALLADOLID,41.280833333333334,-4.690555555555556,786
2503X,08142,OLMEDO,VALLADOLID,41.32777777777778,-4.688055555555556,740
2507Y,,RUEDA,VALLADOLID,41.425555555555555,-4.963333333333334,715
2517A,,FUENTE EL SOL,VALLADOLID,41.174166666666665,-4.938055555555556,755
2593D,,VILLALÓN DE CAMPOS,VALLADOLID,42.08777777777778,-4.993888888888889,763
2604B,,MEDINA DE RIOSECO,VALLADOLID,41.87694444444445,-5.038888888888889,731
1055B,08024,"LEKEITIO,FARO",VIZCAYA,43.37694444444445,-2.511111111111111,12
1056K,,FORUA-GAITOKA,VIZCAYA,43.34305555555556,-2.6691666666666665,45
1057B,08022,"MACHICHACO,FARO",VIZCAYA,43.45388888888889,-2.7516666666666665,93
1059X,08059,PUNTA GALEA,VIZCAYA,43.375,-3.0194444444444444,90
1064L,,OROZCO- IBARRA,VIZCAYA,43.095555555555556,-2.8602777777777777,270
1069Y,,URKIOLA (SANTUARIO),VIZCAYA,43.099444444444444,-2.6438888888888887,747
1074C,,AMOREBIETA-SAN MIGUEL DUDEA,VIZCAYA,43.20388888888889,-2.7044444444444444,100
1078C,,BALMASEDA-SALINILLAS,VIZCAYA,43.181666666666665,-3.2080555555555557,210
1078I,08035,GÜEÑES,VIZCAYA,43.20277777777778,-3.102222222222222,208
1082,08025,BILBAO/AEROPUERTO,VIZCAYA,43.29805555555556,-2.9058333333333333,42
2536D,,MORALES DEL TORO-DEPOSITO,ZAMORA,41.54944444444444,-5.270277777777777,710
2555B,,FUENTESAUCO,ZAMORA,41.236666666666665,-5.48,811
2611D,,VILLAFÁFILA,ZAMORA,41.85805555555556,-5.590833333333333,690
2614,08130,ZAMORA,ZAMORA,41.516666666666666,-5.733611111111111,656
2755X,08056,BENAVENTE,ZAMORA,42.011944444444445,-5.665555555555556,715
2766E,,EL PUENTE (CASA FORESTAL),ZAMORA,42.0825,-6.638888888888888,910
2775X,08125,VILLARDECIERVOS,ZAMORA,41.94277777777778,-6.2780555555555555,850
2777K,,SANTIBAÑEZ DE VIDRIALES,ZAMORA,42.07916666666667,-6.0055555555555555,737
2789H,,POZUELO DE TABARA,ZAMORA,41.78666666666666,-5.907222222222223,711
2804F,,VILLADEPERA,ZAMORA,41.53444444444444,-6.140277777777778,790
2885K,,FRESNO DE SAYAGO,ZAMORA,41.30555555555555,-6.020555555555555,804
2966D,,ALCAÑICES-VIVINERA,ZAMORA,41.68555555555555,-6.299166666666666,840
9433,,ZARAGOZA/BASE AÉREA,ZARAGOZA,41.678888888888885,-1.0716666666666665,260
9244X,08090,SOS DEL REY CATÓLICO,ZARAGOZA,42.49277777777778,-1.2144444444444444,630
9299X,,TARAZONA,ZARAGOZA,41.91611111111111,-1.7222222222222223,475
9321X,,EJEA DE LOS CABALLEROS,ZARAGOZA,42.12222222222222,-1.1383333333333332,321
9336D,,CASTEJON DE VALDEJASA,ZARAGOZA,41.985,-0.9944444444444444,442
9354X,,ALHAMA DE ARAGON,ZARAGOZA,41.29416666666666,-1.893888888888889,703
9390,08157,DAROCA I,ZARAGOZA,41.11472222222223,-1.4108333333333332,779
9390X,,DAROCA II,ZARAGOZA,41.11472222222223,-1.4108333333333332,779
9394X,08156,CALATAYUD,ZARAGOZA,41.33083333333334,-1.6469444444444443,600
9427X,,LA ALMUNIA DE DOÑA GODINA,ZARAGOZA,41.48222222222223,-1.3794444444444445,370
9443U,08161,ZARAGOZA,ZARAGOZA,41.634166666666665,-0.8958333333333333,221
9443V,,ZARAGOZA (CANAL),ZARAGOZA,41.63444444444444,-0.8808333333333334,258
9495Y,,LECIÑENA,ZARAGOZA,41.797777777777775,-0.6158333333333333,405
9501X,,"VALMADRID,DGA",ZARAGOZA,41.44416666666666,-0.8844444444444444,535
9510X,,QUINTO,ZARAGOZA,41.430277777777775,-0.5025,205
9574X,,"CASPE, COMARCAL",ZARAGOZA,41.231388888888894,-0.03638888888888889,190
9576C,08165,BUJARALOZ,ZARAGOZA,41.52361111111111,-0.1733333333333333,357
