situation,threshold,km2_at_or_above,pct_at_or_above
ssp126_near,20,229446.09,99.9313
ssp126_near,20.5,229419.78,99.9198
ssp126_near,21,229387.52,99.9058
ssp126_near,21.5,229358.41,99.8931
ssp126_near,22,229336.35,99.8835
ssp126_near,22.5,229311.3,99.8726
ssp126_near,23,229279.24,99.8586
ssp126_near,23.5,229253.46,99.8474
ssp126_near,24,229219.88,99.8327
ssp126_near,24.5,229191.4,99.8203
ssp126_near,25,229156.57,99.8052
ssp126_near,25.5,229114.99,99.7871
ssp126_near,26,229076.68,99.7704
ssp126_near,26.5,229026.65,99.7486
ssp126_near,27,228979.26,99.7279
ssp126_near,27.5,228923.41,99.7036
ssp126_near,28,228858.13,99.6752
ssp126_near,28.5,228780.95,99.6416
ssp126_near,29,228693.16,99.6033
ssp126_near,29.5,228605.54,99.5652
ssp126_near,30,228512.78,99.5248
ssp126_near,30.4,228437.51,99.492
ssp126_near,30.5,228417.45,99.4833
ssp126_near,31,228323.49,99.4423
ssp126_near,31.5,228215.17,99.3952
ssp126_near,32,228091.21,99.3412
ssp126_near,32.5,227991.33,99.2977
ssp126_near,33,227863.98,99.2422
ssp126_near,33.5,227713.22,99.1765
ssp126_near,33.7,227657.35,99.1522
ssp126_near,34,227570.55,99.1144
ssp126_near,34.5,227386.19,99.0341
ssp126_near,35,227222.52,98.9628
ssp126_near,35.5,227033.55,98.8805
ssp126_near,36,226858.43,98.8043
ssp126_near,36.5,226639.44,98.7089
ssp126_near,37,226420.84,98.6137
ssp126_near,37.5,226169.58,98.5042
ssp126_near,38,225869.41,98.3735
ssp126_near,38.5,225606.59,98.259
ssp126_near,39,225281.77,98.1176
ssp126_near,39.5,224864.81,97.936
ssp126_near,40,224416.72,97.7408
ssp126_near,40.5,223921.46,97.5251
ssp126_near,40.64,223772.4,97.4602
ssp126_near,41,223375.55,97.2873
ssp126_near,41.5,222793.03,97.0336
ssp126_near,42,222136.6,96.7477
ssp126_near,42.5,221407.63,96.4303
ssp126_near,43,220645.38,96.0983
ssp126_near,43.5,219728.04,95.6987
ssp126_near,44,218729.05,95.2636
ssp126_near,44.2,218311.13,95.0816
ssp126_near,44.5,217754.28,94.8391
ssp126_near,45,216807.14,94.4266
ssp126_near,45.5,215915.84,94.0384
ssp126_near,46,214914.26,93.6022
ssp126_near,46.5,213999.49,93.2038
ssp126_near,47,213194.19,92.853
ssp126_near,47.5,212356.48,92.4882
ssp126_near,48,211508.03,92.1187
ssp126_near,48.5,210639.43,91.7404
ssp126_near,49,209757.41,91.3562
ssp126_near,49.5,208966.88,91.0119
ssp126_near,50,208245.96,90.6979
ssp126_near,50.5,207560.12,90.3992
ssp126_near,50.8,207159.73,90.2248
ssp126_near,51,206876.46,90.1015
ssp126_near,51.5,206220.82,89.8159
ssp126_near,52,205482.91,89.4945
ssp126_near,52.5,204709.5,89.1577
ssp126_near,53,203989.02,88.8439
ssp126_near,53.5,203272.64,88.5319
ssp126_near,54,202581.09,88.2307
ssp126_near,54.44,201918.52,87.9421
ssp126_near,54.5,201820.83,87.8996
ssp126_near,55,201023.21,87.5522
ssp126_near,55.5,200132.9,87.1644
ssp126_near,56,199281.64,86.7937
ssp126_near,56.5,198392.61,86.4065
ssp126_near,57,197406.37,85.9769
ssp126_near,57.5,196273.62,85.4836
ssp126_near,58,194889.2,84.8806
ssp126_near,58.5,193590.6,84.315
ssp126_near,59,191896.08,83.577
ssp126_near,59.5,190092.75,82.7916
ssp126_near,60,188520.9,82.107
ssp126_near,60.5,187032.77,81.4589
ssp126_near,61,185464.02,80.7756
ssp126_near,61.5,183906.83,80.0974
ssp126_near,62,182355.64,79.4218
ssp126_near,62.5,180765.88,78.7294
ssp126_near,63,178895.13,77.9147
ssp126_near,63.5,176776.99,76.9922
ssp126_near,64,174601.04,76.0445
ssp126_near,64.5,172603.95,75.1747
ssp126_near,65,170616.55,74.3091
ssp126_near,65.5,168447.61,73.3644
ssp126_near,66,165986.54,72.2926
ssp126_near,66.5,163447.83,71.1869
ssp126_near,67,160547.01,69.9235
ssp126_near,67.5,157578.13,68.6304
ssp126_near,68,154267.38,67.1885
ssp126_near,68.5,150722.9,65.6447
ssp126_near,69,147230.83,64.1238
ssp126_near,69.5,143098.23,62.324
ssp126_near,70,138698.54,60.4077
ssp126_near,70.5,134648.19,58.6437
ssp126_near,71,129880.27,56.5671
ssp126_near,71.5,124584.67,54.2607
ssp126_near,72,119640.24,52.1072
ssp126_near,72.5,113784.87,49.557
ssp126_near,73,105810.56,46.084
ssp126_near,73.5,95243.26,41.4816
ssp126_near,74,85023.68,37.0306
ssp126_near,74.5,73982.26,32.2217
ssp126_near,75,59591.55,25.9541
ssp245_near,20,229452.1,99.9339
ssp245_near,20.5,229424.52,99.9219
ssp245_near,21,229390.6,99.9071
ssp245_near,21.5,229354.95,99.8916
ssp245_near,22,229327.2,99.8795
ssp245_near,22.5,229299.75,99.8675
ssp245_near,23,229274.95,99.8567
ssp245_near,23.5,229245.83,99.844
ssp245_near,24,229213.67,99.83
ssp245_near,24.5,229179.44,99.8151
ssp245_near,25,229144.61,99.8
ssp245_near,25.5,229097.9,99.7796
ssp245_near,26,229044.21,99.7562
ssp245_near,26.5,228990.83,99.733
ssp245_near,27,228938.19,99.7101
ssp245_near,27.5,228873.82,99.682
ssp245_near,28,228804.26,99.6517
ssp245_near,28.5,228704.3,99.6082
ssp245_near,29,228596.84,99.5614
ssp245_near,29.5,228499.08,99.5188
ssp245_near,30,228404.45,99.4776
ssp245_near,30.4,228334.51,99.4471
ssp245_near,30.5,228314.97,99.4386
ssp245_near,31,228219.69,99.3971
ssp245_near,31.5,228124.28,99.3556
ssp245_near,32,228034.55,99.3165
ssp245_near,32.5,227916.06,99.2649
ssp245_near,33,227798.82,99.2138
ssp245_near,33.5,227667.56,99.1567
ssp245_near,33.7,227598.6,99.1266
ssp245_near,34,227481.01,99.0754
ssp245_near,34.5,227298.22,98.9958
ssp245_near,35,227109.18,98.9135
ssp245_near,35.5,226895.48,98.8204
ssp245_near,36,226686.53,98.7294
ssp245_near,36.5,226458.39,98.63
ssp245_near,37,226209.63,98.5217
ssp245_near,37.5,225918.47,98.3949
ssp245_near,38,225584.6,98.2495
ssp245_near,38.5,225204.33,98.0838
ssp245_near,39,224755.56,97.8884
ssp245_near,39.5,224251.91,97.669
ssp245_near,40,223777.76,97.4625
ssp245_near,40.5,223187.1,97.2053
ssp245_near,40.64,223013.47,97.1297
ssp245_near,41,222546.8,96.9264
ssp245_near,41.5,221754.65,96.5814
ssp245_near,42,220910.04,96.2135
ssp245_near,42.5,219934.95,95.7889
ssp245_near,43,218911.35,95.343
ssp245_near,43.5,217944.28,94.9219
ssp245_near,44,216930.12,94.4802
ssp245_near,44.2,216541.03,94.3107
ssp245_near,44.5,215947.87,94.0523
ssp245_near,45,215076.5,93.6728
ssp245_near,45.5,214218.41,93.2991
ssp245_near,46,213282.89,92.8917
ssp245_near,46.5,212332.43,92.4777
ssp245_near,47,211357.29,92.053
ssp245_near,47.5,210450.23,91.6579
ssp245_near,48,209646.1,91.3077
ssp245_near,48.5,208919.21,90.9911
ssp245_near,49,208157.08,90.6592
ssp245_near,49.5,207392.29,90.3261
ssp245_near,50,206674.89,90.0137
ssp245_near,50.5,205975.28,89.709
ssp245_near,50.8,205512.03,89.5072
ssp245_near,51,205216.54,89.3785
ssp245_near,51.5,204487.71,89.0611
ssp245_near,52,203844.68,88.781
ssp245_near,52.5,203226.11,88.5116
ssp245_near,53,202512.03,88.2006
ssp245_near,53.5,201795.36,87.8885
ssp245_near,54,200967.59,87.5279
ssp245_near,54.44,200260.58,87.22
ssp245_near,54.5,200176.03,87.1832
ssp245_near,55,199375.68,86.8346
ssp245_near,55.5,198504.91,86.4554
ssp245_near,56,197454.16,85.9977
ssp245_near,56.5,196263.89,85.4793
ssp245_near,57,195089.56,84.9679
ssp245_near,57.5,193768.91,84.3927
ssp245_near,58,192185.59,83.7031
ssp245_near,58.5,190422.57,82.9353
ssp245_near,59,188886.01,82.266
ssp245_near,59.5,187346.87,81.5957
ssp245_near,60,185827.77,80.9341
ssp245_near,60.5,184256.53,80.2497
ssp245_near,61,182697.55,79.5708
ssp245_near,61.5,181151.67,78.8975
ssp245_near,62,179533.25,78.1926
ssp245_near,62.5,177422.38,77.2732
ssp245_near,63,175387.75,76.3871
ssp245_near,63.5,173337.15,75.494
ssp245_near,64,171172.63,74.5513
ssp245_near,64.5,168924.93,73.5723
ssp245_near,65,166641.52,72.5778
ssp245_near,65.5,164033.92,71.4421
ssp245_near,66,161406.32,70.2977
ssp245_near,66.5,158414.71,68.9948
ssp245_near,67,155246.98,67.6151
ssp245_near,67.5,151945.37,66.1772
ssp245_near,68,148513.56,64.6825
ssp245_near,68.5,144811.05,63.0699
ssp245_near,69,140867.2,61.3523
ssp245_near,69.5,137510.54,59.8903
ssp245_near,70,133910,58.3222
ssp245_near,70.5,129580.41,56.4365
ssp245_near,71,125075.42,54.4744
ssp245_near,71.5,120349.91,52.4163
ssp245_near,72,115247.49,50.194
ssp245_near,72.5,109299.39,47.6035
ssp245_near,73,101936.16,44.3965
ssp245_near,73.5,92679.87,40.3651
ssp245_near,74,82931.15,36.1192
ssp245_near,74.5,73385.64,31.9618
ssp245_near,75,62303.16,27.1351
ssp370_near,20,229315.23,99.8743
ssp370_near,20.5,229287.73,99.8623
ssp370_near,21,229262.15,99.8512
ssp370_near,21.5,229221.96,99.8337
ssp370_near,22,229195.82,99.8223
ssp370_near,22.5,229155.08,99.8045
ssp370_near,23,229110.3,99.785
ssp370_near,23.5,229066.83,99.7661
ssp370_near,24,229005.95,99.7396
ssp370_near,24.5,228947.88,99.7143
ssp370_near,25,228873.52,99.6819
ssp370_near,25.5,228779.9,99.6411
ssp370_near,26,228683.76,99.5992
ssp370_near,26.5,228588.29,99.5577
ssp370_near,27,228509.15,99.5232
ssp370_near,27.5,228437.62,99.492
ssp370_near,28,228348.72,99.4533
ssp370_near,28.5,228268.64,99.4185
ssp370_near,29,228181.19,99.3804
ssp370_near,29.5,228092.99,99.3419
ssp370_near,30,227981.76,99.2935
ssp370_near,30.4,227887.16,99.2523
ssp370_near,30.5,227859.8,99.2404
ssp370_near,31,227708.42,99.1745
ssp370_near,31.5,227545.54,99.1035
ssp370_near,32,227353.54,99.0199
ssp370_near,32.5,227182.98,98.9456
ssp370_near,33,226989.63,98.8614
ssp370_near,33.5,226792.4,98.7755
ssp370_near,33.7,226714.35,98.7415
ssp370_near,34,226583.82,98.6847
ssp370_near,34.5,226380.75,98.5962
ssp370_near,35,226107.81,98.4773
ssp370_near,35.5,225787.02,98.3376
ssp370_near,36,225374.78,98.1581
ssp370_near,36.5,224926.38,97.9628
ssp370_near,37,224413.76,97.7395
ssp370_near,37.5,223877.48,97.506
ssp370_near,38,223257.54,97.236
ssp370_near,38.5,222627.2,96.9614
ssp370_near,39,221957.63,96.6698
ssp370_near,39.5,221214.89,96.3463
ssp370_near,40,220372.79,95.9796
ssp370_near,40.5,219446.92,95.5763
ssp370_near,40.64,219173.52,95.4572
ssp370_near,41,218493.69,95.1611
ssp370_near,41.5,217614.25,94.7781
ssp370_near,42,216729.67,94.3929
ssp370_near,42.5,215881.13,94.0233
ssp370_near,43,215115.14,93.6897
ssp370_near,43.5,214378.46,93.3688
ssp370_near,44,213614.16,93.0359
ssp370_near,44.2,213292.62,92.8959
ssp370_near,44.5,212844,92.7005
ssp370_near,45,212000.48,92.3331
ssp370_near,45.5,211136.84,91.957
ssp370_near,46,210315.55,91.5993
ssp370_near,46.5,209579.49,91.2787
ssp370_near,47,208804.39,90.9411
ssp370_near,47.5,208013.09,90.5965
ssp370_near,48,207189.32,90.2377
ssp370_near,48.5,206509.25,89.9415
ssp370_near,49,205721.93,89.5986
ssp370_near,49.5,204989.1,89.2794
ssp370_near,50,204305.86,88.9819
ssp370_near,50.5,203647.99,88.6954
ssp370_near,50.8,203223.83,88.5106
ssp370_near,51,202927.12,88.3814
ssp370_near,51.5,202207.24,88.0679
ssp370_near,52,201462.28,87.7434
ssp370_near,52.5,200659.73,87.3939
ssp370_near,53,199834.55,87.0345
ssp370_near,53.5,199051.3,86.6933
ssp370_near,54,198255.95,86.3469
ssp370_near,54.44,197532.53,86.0319
ssp370_near,54.5,197415.92,85.9811
ssp370_near,55,196264.79,85.4797
ssp370_near,55.5,195117.34,84.98
ssp370_near,56,193907.9,84.4532
ssp370_near,56.5,192370.82,83.7838
ssp370_near,57,190868.24,83.1294
ssp370_near,57.5,189351.54,82.4688
ssp370_near,58,187987.88,81.8749
ssp370_near,58.5,186677.49,81.3041
ssp370_near,59,185217.61,80.6683
ssp370_near,59.5,183857.42,80.0759
ssp370_near,60,182491.65,79.4811
ssp370_near,60.5,181040.39,78.849
ssp370_near,61,179518.45,78.1861
ssp370_near,61.5,177861.73,77.4646
ssp370_near,62,175974.88,76.6428
ssp370_near,62.5,173905.17,75.7414
ssp370_near,63,171766.17,74.8098
ssp370_near,63.5,169654.18,73.8899
ssp370_near,64,167540.51,72.9694
ssp370_near,64.5,165328.84,72.0061
ssp370_near,65,162921.56,70.9577
ssp370_near,65.5,160360.62,69.8423
ssp370_near,66,157608.85,68.6438
ssp370_near,66.5,154823.36,67.4306
ssp370_near,67,151728.9,66.0829
ssp370_near,67.5,148173.51,64.5344
ssp370_near,68,144050.13,62.7385
ssp370_near,68.5,139915.32,60.9377
ssp370_near,69,136744.31,59.5566
ssp370_near,69.5,133320.87,58.0656
ssp370_near,70,129491.52,56.3978
ssp370_near,70.5,125247.68,54.5495
ssp370_near,71,120638.4,52.542
ssp370_near,71.5,115944.93,50.4978
ssp370_near,72,110385.87,48.0767
ssp370_near,72.5,103797.82,45.2073
ssp370_near,73,96475.2,42.0181
ssp370_near,73.5,88678.53,38.6224
ssp370_near,74,80083.99,34.8792
ssp370_near,74.5,71355.23,31.0775
ssp370_near,75,62171.88,27.0779
ssp126_far,20,229444.46,99.9306
ssp126_far,20.5,229408.89,99.9151
ssp126_far,21,229379.87,99.9024
ssp126_far,21.5,229350.57,99.8897
ssp126_far,22,229326.88,99.8793
ssp126_far,22.5,229298.03,99.8668
ssp126_far,23,229270.06,99.8546
ssp126_far,23.5,229243.61,99.8431
ssp126_far,24,229198.86,99.8236
ssp126_far,24.5,229158.77,99.8061
ssp126_far,25,229109.84,99.7848
ssp126_far,25.5,229062.21,99.7641
ssp126_far,26,229003.86,99.7387
ssp126_far,26.5,228927.49,99.7054
ssp126_far,27,228871.39,99.681
ssp126_far,27.5,228821.81,99.6594
ssp126_far,28,228750.18,99.6282
ssp126_far,28.5,228675.99,99.5959
ssp126_far,29,228601.88,99.5636
ssp126_far,29.5,228519.34,99.5276
ssp126_far,30,228414.56,99.482
ssp126_far,30.4,228330.57,99.4454
ssp126_far,30.5,228310.32,99.4366
ssp126_far,31,228198.71,99.388
ssp126_far,31.5,228087.49,99.3396
ssp126_far,32,227960.56,99.2843
ssp126_far,32.5,227818.41,99.2224
ssp126_far,33,227687.4,99.1653
ssp126_far,33.5,227538.49,99.1004
ssp126_far,33.7,227480.18,99.0751
ssp126_far,34,227364.49,99.0247
ssp126_far,34.5,227156.72,98.9342
ssp126_far,35,226951.91,98.845
ssp126_far,35.5,226712.88,98.7409
ssp126_far,36,226461.32,98.6313
ssp126_far,36.5,226255.63,98.5417
ssp126_far,37,226002.4,98.4314
ssp126_far,37.5,225755.96,98.3241
ssp126_far,38,225449.79,98.1907
ssp126_far,38.5,225054.82,98.0187
ssp126_far,39,224587.9,97.8154
ssp126_far,39.5,224051.47,97.5817
ssp126_far,40,223474.44,97.3304
ssp126_far,40.5,222796.64,97.0352
ssp126_far,40.64,222602.08,96.9505
ssp126_far,41,222044.59,96.7077
ssp126_far,41.5,221244.29,96.3591
ssp126_far,42,220425.99,96.0027
ssp126_far,42.5,219408.09,95.5594
ssp126_far,43,218356.54,95.1014
ssp126_far,43.5,217357.37,94.6662
ssp126_far,44,216336.35,94.2215
ssp126_far,44.2,215943.48,94.0504
ssp126_far,44.5,215335.97,93.7859
ssp126_far,45,214386.14,93.3722
ssp126_far,45.5,213497.42,92.9851
ssp126_far,46,212584.75,92.5876
ssp126_far,46.5,211664.97,92.187
ssp126_far,47,210589.31,91.7185
ssp126_far,47.5,209845.55,91.3946
ssp126_far,48,209128.36,91.0822
ssp126_far,48.5,208425.16,90.776
ssp126_far,49,207756.81,90.4849
ssp126_far,49.5,207073.05,90.1871
ssp126_far,50,206439.78,89.9113
ssp126_far,50.5,205772.16,89.6205
ssp126_far,50.8,205346.38,89.4351
ssp126_far,51,205011.19,89.2891
ssp126_far,51.5,204223.71,88.9461
ssp126_far,52,203522.07,88.6405
ssp126_far,52.5,202832.66,88.3403
ssp126_far,53,202080.33,88.0126
ssp126_far,53.5,201250.86,87.6513
ssp126_far,54,200474.46,87.3132
ssp126_far,54.44,199833.16,87.0339
ssp126_far,54.5,199745.72,86.9958
ssp126_far,55,198944.58,86.6469
ssp126_far,55.5,197924.69,86.2027
ssp126_far,56,196893.01,85.7533
ssp126_far,56.5,195763.25,85.2613
ssp126_far,57,194520.51,84.72
ssp126_far,57.5,193243.1,84.1637
ssp126_far,58,191900.53,83.579
ssp126_far,58.5,190654.41,83.0362
ssp126_far,59,189320.66,82.4553
ssp126_far,59.5,187746.88,81.7699
ssp126_far,60,186116.45,81.0598
ssp126_far,60.5,184537.52,80.3721
ssp126_far,61,183010.28,79.707
ssp126_far,61.5,181493.19,79.0462
ssp126_far,62,180024.9,78.4067
ssp126_far,62.5,178375.23,77.6882
ssp126_far,63,176638.53,76.9319
ssp126_far,63.5,174252.06,75.8925
ssp126_far,64,171785.95,74.8184
ssp126_far,64.5,169544.77,73.8423
ssp126_far,65,167242.45,72.8396
ssp126_far,65.5,164974.49,71.8518
ssp126_far,66,162326.25,70.6984
ssp126_far,66.5,159127.34,69.3052
ssp126_far,67,155957.18,67.9244
ssp126_far,67.5,152203.85,66.2898
ssp126_far,68,148275.67,64.5789
ssp126_far,68.5,144342.57,62.8659
ssp126_far,69,140312.83,61.1108
ssp126_far,69.5,136506.39,59.453
ssp126_far,70,132055.96,57.5147
ssp126_far,70.5,127087.78,55.3509
ssp126_far,71,121663.73,52.9885
ssp126_far,71.5,115895.7,50.4764
ssp126_far,72,109504.31,47.6927
ssp126_far,72.5,101182.76,44.0684
ssp126_far,73,92001.04,40.0695
ssp126_far,73.5,83195.84,36.2345
ssp126_far,74,73701.01,32.0992
ssp126_far,74.5,64159.09,27.9434
ssp126_far,75,52211.64,22.7399
ssp245_far,20,229040.92,99.7548
ssp245_far,20.5,228965.17,99.7218
ssp245_far,21,228882.35,99.6857
ssp245_far,21.5,228808.43,99.6535
ssp245_far,22,228753.36,99.6296
ssp245_far,22.5,228689.79,99.6019
ssp245_far,23,228629.25,99.5755
ssp245_far,23.5,228541.25,99.5372
ssp245_far,24,228432.34,99.4897
ssp245_far,24.5,228321.31,99.4414
ssp245_far,25,228211.12,99.3934
ssp245_far,25.5,228118.61,99.3531
ssp245_far,26,228018.35,99.3094
ssp245_far,26.5,227916.16,99.2649
ssp245_far,27,227790.87,99.2104
ssp245_far,27.5,227648.4,99.1483
ssp245_far,28,227516.24,99.0908
ssp245_far,28.5,227342.44,99.0151
ssp245_far,29,227159.78,98.9355
ssp245_far,29.5,226927.62,98.8344
ssp245_far,30,226697.96,98.7344
ssp245_far,30.4,226494.28,98.6457
ssp245_far,30.5,226448.38,98.6257
ssp245_far,31,226206.53,98.5203
ssp245_far,31.5,225955.04,98.4108
ssp245_far,32,225659.83,98.2822
ssp245_far,32.5,225312.89,98.1311
ssp245_far,33,224910.84,97.956
ssp245_far,33.5,224385.88,97.7274
ssp245_far,33.7,224141.97,97.6212
ssp245_far,34,223748.53,97.4498
ssp245_far,34.5,223138.32,97.184
ssp245_far,35,222372.2,96.8504
ssp245_far,35.5,221541.81,96.4887
ssp245_far,36,220738.45,96.1388
ssp245_far,36.5,219782.74,95.7226
ssp245_far,37,218731.92,95.2649
ssp245_far,37.5,217692.5,94.8122
ssp245_far,38,216713.69,94.3859
ssp245_far,38.5,215779.04,93.9788
ssp245_far,39,214823.11,93.5625
ssp245_far,39.5,213937.73,93.1769
ssp245_far,40,212962,92.7519
ssp245_far,40.5,212109.33,92.3805
ssp245_far,40.64,211857.86,92.271
ssp245_far,41,211040.23,91.9149
ssp245_far,41.5,210179.18,91.5399
ssp245_far,42,209398.07,91.1997
ssp245_far,42.5,208613.73,90.8581
ssp245_far,43,207907.37,90.5505
ssp245_far,43.5,207236.3,90.2582
ssp245_far,44,206603.62,89.9826
ssp245_far,44.2,206362.42,89.8776
ssp245_far,44.5,206026.25,89.7312
ssp245_far,45,205399.21,89.4581
ssp245_far,45.5,204730.06,89.1666
ssp245_far,46,203974.13,88.8374
ssp245_far,46.5,203259.97,88.5264
ssp245_far,47,202576.35,88.2286
ssp245_far,47.5,201772.78,87.8786
ssp245_far,48,200945.31,87.5182
ssp245_far,48.5,200138.33,87.1668
ssp245_far,49,199334.19,86.8166
ssp245_far,49.5,198456.15,86.4341
ssp245_far,50,197390.23,85.9699
ssp245_far,50.5,196163.38,85.4356
ssp245_far,50.8,195466.55,85.1321
ssp245_far,51,194998.65,84.9283
ssp245_far,51.5,193795.08,84.4041
ssp245_far,52,192206.93,83.7124
ssp245_far,52.5,190624.63,83.0233
ssp245_far,53,189140.4,82.3768
ssp245_far,53.5,187752.83,81.7725
ssp245_far,54,186346.44,81.16
ssp245_far,54.44,185128.87,80.6297
ssp245_far,54.5,184963.42,80.5576
ssp245_far,55,183592.73,79.9606
ssp245_far,55.5,182197.53,79.353
ssp245_far,56,180697.65,78.6997
ssp245_far,56.5,179178.34,78.038
ssp245_far,57,177462.42,77.2907
ssp245_far,57.5,175632.93,76.4939
ssp245_far,58,173598.8,75.6079
ssp245_far,58.5,171671.21,74.7684
ssp245_far,59,169741.13,73.9278
ssp245_far,59.5,167840.19,73.0999
ssp245_far,60,165720.89,72.1769
ssp245_far,60.5,163506.83,71.2126
ssp245_far,61,161004.3,70.1226
ssp245_far,61.5,158599.18,69.0751
ssp245_far,62,156071.49,67.9742
ssp245_far,62.5,153522.7,66.8641
ssp245_far,63,150592.03,65.5877
ssp245_far,63.5,147724.04,64.3386
ssp245_far,64,145085.4,63.1894
ssp245_far,64.5,142666.51,62.1359
ssp245_far,65,140406.21,61.1515
ssp245_far,65.5,138013.96,60.1096
ssp245_far,66,135339.49,58.9448
ssp245_far,66.5,132940.51,57.8999
ssp245_far,67,130308.54,56.7536
ssp245_far,67.5,127371.7,55.4745
ssp245_far,68,124255.51,54.1173
ssp245_far,68.5,121152.5,52.7659
ssp245_far,69,117700.53,51.2624
ssp245_far,69.5,113312.51,49.3513
ssp245_far,70,108598.16,47.298
ssp245_far,70.5,103661.25,45.1479
ssp245_far,71,98701.16,42.9876
ssp245_far,71.5,93347.69,40.656
ssp245_far,72,87025.72,37.9025
ssp245_far,72.5,80482.65,35.0528
ssp245_far,73,73792.33,32.139
ssp245_far,73.5,66651.48,29.0289
ssp245_far,74,59891.74,26.0848
ssp245_far,74.5,52369.92,22.8088
ssp245_far,75,43592.8,18.9861
ssp370_far,20,226447.69,98.6254
ssp370_far,20.5,226153.32,98.4972
ssp370_far,21,225822.53,98.3531
ssp370_far,21.5,225428.86,98.1816
ssp370_far,22,225081.89,98.0305
ssp370_far,22.5,224651.5,97.8431
ssp370_far,23,224189.31,97.6418
ssp370_far,23.5,223633.78,97.3998
ssp370_far,24,222881.87,97.0723
ssp370_far,24.5,222146.52,96.7521
ssp370_far,25,221365.29,96.4118
ssp370_far,25.5,220525.47,96.046
ssp370_far,26,219656.51,95.6676
ssp370_far,26.5,218806.69,95.2975
ssp370_far,27,217928.69,94.9151
ssp370_far,27.5,216983.54,94.5034
ssp370_far,28,216200.5,94.1624
ssp370_far,28.5,215428.16,93.826
ssp370_far,29,214683.21,93.5016
ssp370_far,29.5,213962.23,93.1875
ssp370_far,30,213162.08,92.839
ssp370_far,30.4,212471.12,92.5381
ssp370_far,30.5,212260.41,92.4463
ssp370_far,31,211438.45,92.0884
ssp370_far,31.5,210659.2,91.749
ssp370_far,32,209958.12,91.4436
ssp370_far,32.5,209272.95,91.1452
ssp370_far,33,208627.52,90.8641
ssp370_far,33.5,208044.48,90.6102
ssp370_far,33.7,207817.13,90.5112
ssp370_far,34,207457,90.3543
ssp370_far,34.5,206877.19,90.1018
ssp370_far,35,206259.82,89.8329
ssp370_far,35.5,205653.63,89.5689
ssp370_far,36,204995.56,89.2823
ssp370_far,36.5,204381.55,89.0148
ssp370_far,37,203814.14,88.7677
ssp370_far,37.5,203168.66,88.4866
ssp370_far,38,202523.99,88.2058
ssp370_far,38.5,201875.02,87.9232
ssp370_far,39,201180.16,87.6205
ssp370_far,39.5,200494.7,87.322
ssp370_far,40,199768.23,87.0056
ssp370_far,40.5,199059.79,86.697
ssp370_far,40.64,198860.56,86.6103
ssp370_far,41,198346.66,86.3864
ssp370_far,41.5,197612.8,86.0668
ssp370_far,42,196796.55,85.7113
ssp370_far,42.5,195885.04,85.3143
ssp370_far,43,195086.72,84.9666
ssp370_far,43.5,194278.46,84.6146
ssp370_far,44,193461.56,84.2588
ssp370_far,44.2,193100.46,84.1016
ssp370_far,44.5,192407.84,83.7999
ssp370_far,45,191020.49,83.1957
ssp370_far,45.5,189662.98,82.6044
ssp370_far,46,188433.53,82.069
ssp370_far,46.5,187142.21,81.5065
ssp370_far,47,185849.21,80.9434
ssp370_far,47.5,184514.89,80.3623
ssp370_far,48,183051.62,79.725
ssp370_far,48.5,181733.34,79.1508
ssp370_far,49,180470.76,78.6009
ssp370_far,49.5,179220.63,78.0564
ssp370_far,50,177933.82,77.496
ssp370_far,50.5,176534,76.8863
ssp370_far,50.8,175665.78,76.5082
ssp370_far,51,175037.58,76.2346
ssp370_far,51.5,173291.11,75.4739
ssp370_far,52,171204.62,74.5652
ssp370_far,52.5,169242.28,73.7105
ssp370_far,53,167467.8,72.9377
ssp370_far,53.5,165647.25,72.1448
ssp370_far,54,163795.21,71.3382
ssp370_far,54.44,161851.95,70.4918
ssp370_far,54.5,161600.57,70.3823
ssp370_far,55,159379.66,69.415
ssp370_far,55.5,157096.42,68.4206
ssp370_far,56,154649.44,67.3549
ssp370_far,56.5,152226.83,66.2998
ssp370_far,57,149655.02,65.1797
ssp370_far,57.5,147262.14,64.1375
ssp370_far,58,145034.53,63.1673
ssp370_far,58.5,142938.85,62.2545
ssp370_far,59,140857.08,61.3479
ssp370_far,59.5,138603.59,60.3664
ssp370_far,60,136430.63,59.42
ssp370_far,60.5,134151.86,58.4275
ssp370_far,61,132080.2,57.5252
ssp370_far,61.5,129735.89,56.5042
ssp370_far,62,127427.48,55.4988
ssp370_far,62.5,124552.42,54.2466
ssp370_far,63,121724.75,53.0151
ssp370_far,63.5,118643.35,51.6731
ssp370_far,64,115150.54,50.1518
ssp370_far,64.5,110696.69,48.212
ssp370_far,65,106530.83,46.3977
ssp370_far,65.5,102149.34,44.4894
ssp370_far,66,98320.67,42.8219
ssp370_far,66.5,94166.56,41.0126
ssp370_far,67,89223.2,38.8596
ssp370_far,67.5,84214.24,36.6781
ssp370_far,68,79583.73,34.6613
ssp370_far,68.5,75247.29,32.7727
ssp370_far,69,71084.01,30.9594
ssp370_far,69.5,67379.6,29.346
ssp370_far,70,64566.7,28.1209
ssp370_far,70.5,61700.85,26.8727
ssp370_far,71,58520.25,25.4875
ssp370_far,71.5,54481.89,23.7286
ssp370_far,72,49430.09,21.5284
ssp370_far,72.5,43294.29,18.8561
ssp370_far,73,37879.77,16.4979
ssp370_far,73.5,33190.86,14.4557
ssp370_far,74,28394.31,12.3667
ssp370_far,74.5,22469.69,9.7863
ssp370_far,75,15086.61,6.5707
historical_ref,20,229595.16,99.9962
historical_ref,20.5,229594.1,99.9957
historical_ref,21,229593.69,99.9956
historical_ref,21.5,229593.14,99.9953
historical_ref,22,229592.35,99.995
historical_ref,22.5,229591.55,99.9946
historical_ref,23,229588.85,99.9934
historical_ref,23.5,229586.47,99.9924
historical_ref,24,229584.82,99.9917
historical_ref,24.5,229582.14,99.9905
historical_ref,25,229578.34,99.9889
historical_ref,25.5,229574.72,99.9873
historical_ref,26,229567.03,99.9839
historical_ref,26.5,229559.68,99.9807
historical_ref,27,229552.18,99.9775
historical_ref,27.5,229543.61,99.9737
historical_ref,28,229531.47,99.9685
historical_ref,28.5,229519.06,99.963
historical_ref,29,229506.37,99.9575
historical_ref,29.5,229493.91,99.9521
historical_ref,30,229475.92,99.9443
historical_ref,30.4,229454.4,99.9349
historical_ref,30.5,229446.66,99.9315
historical_ref,31,229418.01,99.919
historical_ref,31.5,229381.23,99.903
historical_ref,32,229357.36,99.8926
historical_ref,32.5,229336.78,99.8837
historical_ref,33,229312.38,99.873
historical_ref,33.5,229287.12,99.862
historical_ref,33.7,229276.98,99.8576
historical_ref,34,229261.61,99.8509
historical_ref,34.5,229229.7,99.837
historical_ref,35,229201.78,99.8249
historical_ref,35.5,229164.28,99.8085
historical_ref,36,229123.3,99.7907
historical_ref,36.5,229089.03,99.7758
historical_ref,37,229037.33,99.7532
historical_ref,37.5,228978.15,99.7275
historical_ref,38,228918.05,99.7013
historical_ref,38.5,228831.6,99.6636
historical_ref,39,228751.55,99.6288
historical_ref,39.5,228650.83,99.5849
historical_ref,40,228544.22,99.5385
historical_ref,40.5,228440.77,99.4934
historical_ref,40.64,228416.96,99.483
historical_ref,41,228334.04,99.4469
historical_ref,41.5,228238.78,99.4054
historical_ref,42,228137.32,99.3613
historical_ref,42.5,228014.93,99.308
historical_ref,43,227903.65,99.2595
historical_ref,43.5,227775.39,99.2036
historical_ref,44,227613.13,99.133
historical_ref,44.2,227534.16,99.0986
historical_ref,44.5,227425.43,99.0512
historical_ref,45,227212.13,98.9583
historical_ref,45.5,227000.73,98.8662
historical_ref,46,226764.03,98.7631
historical_ref,46.5,226467.9,98.6342
historical_ref,47,226192.41,98.5142
historical_ref,47.5,225864.43,98.3713
historical_ref,48,225511.01,98.2174
historical_ref,48.5,225165,98.0667
historical_ref,49,224714.2,97.8704
historical_ref,49.5,224232.13,97.6604
historical_ref,50,223745.8,97.4486
historical_ref,50.5,223179.27,97.2019
historical_ref,50.8,222772.91,97.0249
historical_ref,51,222473.55,96.8945
historical_ref,51.5,221667.06,96.5432
historical_ref,52,220851.69,96.1881
historical_ref,52.5,219976.21,95.8068
historical_ref,53,218963.88,95.3659
historical_ref,53.5,218010.46,94.9507
historical_ref,54,216980.71,94.5022
historical_ref,54.44,216108.12,94.1221
historical_ref,54.5,215969.54,94.0618
historical_ref,55,215030.53,93.6528
historical_ref,55.5,214041.72,93.2222
historical_ref,56,213053.47,92.7917
historical_ref,56.5,212146.26,92.3966
historical_ref,57,211270.71,92.0153
historical_ref,57.5,210443.72,91.6551
historical_ref,58,209605.68,91.2901
historical_ref,58.5,208745.96,90.9157
historical_ref,59,207937.87,90.5637
historical_ref,59.5,207238.68,90.2592
historical_ref,60,206518.9,89.9457
historical_ref,60.5,205749.62,89.6107
historical_ref,61,204904.26,89.2425
historical_ref,61.5,203972.34,88.8366
historical_ref,62,203098.7,88.4561
historical_ref,62.5,202203.01,88.066
historical_ref,63,201263.2,87.6567
historical_ref,63.5,200319.21,87.2456
historical_ref,64,199343.33,86.8205
historical_ref,64.5,198308.47,86.3698
historical_ref,65,197131.82,85.8573
historical_ref,65.5,195859.34,85.3031
historical_ref,66,194392.7,84.6644
historical_ref,66.5,192673.5,83.9156
historical_ref,67,190847.59,83.1204
historical_ref,67.5,188995.89,82.3139
historical_ref,68,186982.4,81.4369
historical_ref,68.5,185032.64,80.5878
historical_ref,69,182970.41,79.6896
historical_ref,69.5,180782.25,78.7366
historical_ref,70,178169.24,77.5985
historical_ref,70.5,175242.54,76.3239
historical_ref,71,171539.83,74.7112
historical_ref,71.5,167067.72,72.7634
historical_ref,72,161829.39,70.482
historical_ref,72.5,155947.28,67.9201
historical_ref,73,148272.02,64.5773
historical_ref,73.5,138463.52,60.3054
historical_ref,74,125943.06,54.8523
historical_ref,74.5,109875.63,47.8544
historical_ref,75,93475.31,40.7116
presente_current,20,229592.54,99.995
presente_current,20.5,229589.67,99.9938
presente_current,21,229586.82,99.9926
presente_current,21.5,229584.63,99.9916
presente_current,22,229582.08,99.9905
presente_current,22.5,229576.82,99.9882
presente_current,23,229571.75,99.986
presente_current,23.5,229565.06,99.9831
presente_current,24,229558.51,99.9802
presente_current,24.5,229547.51,99.9754
presente_current,25,229539.83,99.9721
presente_current,25.5,229532.55,99.9689
presente_current,26,229522.16,99.9644
presente_current,26.5,229506.09,99.9574
presente_current,27,229489.13,99.95
presente_current,27.5,229463.25,99.9387
presente_current,28,229441.67,99.9293
presente_current,28.5,229406.74,99.9141
presente_current,29,229371.7,99.8989
presente_current,29.5,229346.2,99.8878
presente_current,30,229317.85,99.8754
presente_current,30.4,229299.05,99.8672
presente_current,30.5,229294.02,99.865
presente_current,31,229271.13,99.8551
presente_current,31.5,229242.16,99.8424
presente_current,32,229217.3,99.8316
presente_current,32.5,229185.25,99.8177
presente_current,33,229141.53,99.7986
presente_current,33.5,229104.84,99.7826
presente_current,33.7,229085.5,99.7742
presente_current,34,229056.28,99.7615
presente_current,34.5,229003.37,99.7384
presente_current,35,228950.13,99.7153
presente_current,35.5,228883.98,99.6864
presente_current,36,228795.32,99.6478
presente_current,36.5,228696.91,99.605
presente_current,37,228598.92,99.5623
presente_current,37.5,228512.85,99.5248
presente_current,38,228426.14,99.487
presente_current,38.5,228341.97,99.4504
presente_current,39,228248.93,99.4099
presente_current,39.5,228146.16,99.3651
presente_current,40,228046.11,99.3215
presente_current,40.5,227951.13,99.2802
presente_current,40.64,227912.71,99.2634
presente_current,41,227819.03,99.2226
presente_current,41.5,227685.51,99.1645
presente_current,42,227525.26,99.0947
presente_current,42.5,227332.12,99.0106
presente_current,43,227150.22,98.9313
presente_current,43.5,226960.98,98.8489
presente_current,44,226737.96,98.7518
presente_current,44.2,226645.32,98.7114
presente_current,44.5,226472.29,98.6361
presente_current,45,226161.44,98.5007
presente_current,45.5,225844.01,98.3624
presente_current,46,225520.82,98.2217
presente_current,46.5,225178.3,98.0725
presente_current,47,224748.43,97.8853
presente_current,47.5,224245.08,97.6661
presente_current,48,223699.63,97.4285
presente_current,48.5,223136.33,97.1832
presente_current,49,222499.63,96.9059
presente_current,49.5,221767.26,96.5869
presente_current,50,220882.23,96.2014
presente_current,50.5,220089.78,95.8563
presente_current,50.8,219474.92,95.5885
presente_current,51,219032.25,95.3957
presente_current,51.5,217918.3,94.9105
presente_current,52,216938.95,94.484
presente_current,52.5,215911.23,94.0364
presente_current,53,214857.59,93.5775
presente_current,53.5,213811.5,93.1219
presente_current,54,212830.79,92.6948
presente_current,54.44,212047.01,92.3534
presente_current,54.5,211937.4,92.3057
presente_current,55,211062.61,91.9247
presente_current,55.5,210184.1,91.542
presente_current,56,209369.31,91.1872
presente_current,56.5,208526.99,90.8203
presente_current,57,207758.87,90.4858
presente_current,57.5,207061.63,90.1821
presente_current,58,206288.24,89.8453
presente_current,58.5,205555.18,89.526
presente_current,59,204733.43,89.1681
presente_current,59.5,203900.94,88.8055
presente_current,60,203121.01,88.4658
presente_current,60.5,202307.16,88.1114
presente_current,61,201488.98,87.755
presente_current,61.5,200640.16,87.3853
presente_current,62,199731.15,86.9894
presente_current,62.5,198817.69,86.5916
presente_current,63,197869.01,86.1784
presente_current,63.5,196795.73,85.711
presente_current,64,195570.26,85.1772
presente_current,64.5,194026.94,84.5051
presente_current,65,192316.48,83.7601
presente_current,65.5,190565.36,82.9974
presente_current,66,188772.47,82.2166
presente_current,66.5,187019.32,81.453
presente_current,67,185009.95,80.5779
presente_current,67.5,183077.41,79.7362
presente_current,68,181236.24,78.9343
presente_current,68.5,179039.67,77.9776
presente_current,69,176531.16,76.8851
presente_current,69.5,173974.14,75.7714
presente_current,70,170926.47,74.4441
presente_current,70.5,167496.58,72.9502
presente_current,71,164076.43,71.4606
presente_current,71.5,160023.26,69.6954
presente_current,72,154679.22,67.3679
presente_current,72.5,148085.8,64.4962
presente_current,73,140394.18,61.1462
presente_current,73.5,130302.89,56.7512
presente_current,74,118179.78,51.4712
presente_current,74.5,103537.51,45.094
presente_current,75,86212.01,37.5481
presente_present,20,229592.76,99.9951
presente_present,20.5,229591.75,99.9947
presente_present,21,229589.78,99.9938
presente_present,21.5,229586.69,99.9925
presente_present,22,229585.33,99.9919
presente_present,22.5,229583.28,99.991
presente_present,23,229580.18,99.9897
presente_present,23.5,229574.53,99.9872
presente_present,24,229568.55,99.9846
presente_present,24.5,229560.97,99.9813
presente_present,25,229554.22,99.9784
presente_present,25.5,229547.1,99.9753
presente_present,26,229537.16,99.9709
presente_present,26.5,229525.7,99.9659
presente_present,27,229514.12,99.9609
presente_present,27.5,229499.38,99.9545
presente_present,28,229482.76,99.9472
presente_present,28.5,229457.11,99.9361
presente_present,29,229427.91,99.9234
presente_present,29.5,229395.43,99.9092
presente_present,30,229367.15,99.8969
presente_present,30.4,229344.88,99.8872
presente_present,30.5,229337.42,99.8839
presente_present,31,229311.91,99.8728
presente_present,31.5,229289.55,99.8631
presente_present,32,229260.85,99.8506
presente_present,32.5,229234.45,99.8391
presente_present,33,229207.87,99.8275
presente_present,33.5,229168.07,99.8102
presente_present,33.7,229156.18,99.805
presente_present,34,229136.73,99.7965
presente_present,34.5,229095.35,99.7785
presente_present,35,229056.16,99.7614
presente_present,35.5,228998.36,99.7363
presente_present,36,228941.3,99.7114
presente_present,36.5,228864.68,99.678
presente_present,37,228798.15,99.6491
presente_present,37.5,228692.57,99.6031
presente_present,38,228583.62,99.5556
presente_present,38.5,228488.97,99.5144
presente_present,39,228381.4,99.4676
presente_present,39.5,228284.27,99.4253
presente_present,40,228183.22,99.3812
presente_present,40.5,228086.37,99.3391
presente_present,40.64,228061.67,99.3283
presente_present,41,227990.28,99.2972
presente_present,41.5,227875.28,99.2471
presente_present,42,227728.64,99.1833
presente_present,42.5,227573.68,99.1158
presente_present,43,227380.33,99.0316
presente_present,43.5,227201.49,98.9537
presente_present,44,227006.95,98.8689
presente_present,44.2,226919.08,98.8307
presente_present,44.5,226785.62,98.7725
presente_present,45,226527.08,98.6599
presente_present,45.5,226234.33,98.5324
presente_present,46,225964.1,98.4147
presente_present,46.5,225649.29,98.2776
presente_present,47,225276.95,98.1155
presente_present,47.5,224826.61,97.9193
presente_present,48,224366.42,97.7189
presente_present,48.5,223892.84,97.5126
presente_present,49,223350.53,97.2765
presente_present,49.5,222699.73,96.993
presente_present,50,221958.67,96.6703
presente_present,50.5,221088.94,96.2915
presente_present,50.8,220561.02,96.0615
presente_present,51,220228.8,95.9168
presente_present,51.5,219201.9,95.4696
presente_present,52,218241.22,95.0512
presente_present,52.5,217230.69,94.6111
presente_present,53,216302.32,94.2067
presente_present,53.5,215294.63,93.7678
presente_present,54,214281.26,93.3265
presente_present,54.44,213452.48,92.9655
presente_present,54.5,213354.97,92.9231
presente_present,55,212390.88,92.5032
presente_present,55.5,211510.48,92.1197
presente_present,56,210689.34,91.7621
presente_present,56.5,209846.86,91.3952
presente_present,57,209009.3,91.0304
presente_present,57.5,208196.92,90.6766
presente_present,58,207398.91,90.329
presente_present,58.5,206707.53,90.0279
presente_present,59,205961.72,89.7031
presente_present,59.5,205234.73,89.3864
presente_present,60,204349.01,89.0007
presente_present,60.5,203552.3,88.6537
presente_present,61,202751.79,88.305
presente_present,61.5,201880.23,87.9254
presente_present,62,201005.69,87.5445
presente_present,62.5,200150.61,87.1721
presente_present,63,199224.02,86.7686
presente_present,63.5,198151.91,86.3016
presente_present,64,197072.63,85.8316
presente_present,64.5,195875.94,85.3104
presente_present,65,194285.96,84.6179
presente_present,65.5,192610.24,83.8881
presente_present,66,190849.75,83.1213
presente_present,66.5,189065.1,82.344
presente_present,67,187125.16,81.4991
presente_present,67.5,185180.73,80.6523
presente_present,68,183274.01,79.8218
presente_present,68.5,181205.7,78.921
presente_present,69,178929.2,77.9295
presente_present,69.5,176307.35,76.7876
presente_present,70,173457.44,75.5464
presente_present,70.5,170110.59,74.0887
presente_present,71,166210.63,72.3902
presente_present,71.5,162080.4,70.5913
presente_present,72,157144.44,68.4415
presente_present,72.5,150142.24,65.3918
presente_present,73,142335.45,61.9917
presente_present,73.5,132295.83,57.6192
presente_present,74,119698.9,52.1328
presente_present,74.5,104415.1,45.4762
presente_present,75,86806.52,37.8071
observaciones_obsref,20,229600.31,99.9984
observaciones_obsref,20.5,229598.21,99.9975
observaciones_obsref,21,229597.79,99.9973
observaciones_obsref,21.5,229596.49,99.9968
observaciones_obsref,22,229595.33,99.9963
observaciones_obsref,22.5,229594.65,99.996
observaciones_obsref,23,229592.52,99.995
observaciones_obsref,23.5,229590.94,99.9944
observaciones_obsref,24,229589.54,99.9937
observaciones_obsref,24.5,229588.02,99.9931
observaciones_obsref,25,229587.65,99.9929
observaciones_obsref,25.5,229586.26,99.9923
observaciones_obsref,26,229585.85,99.9921
observaciones_obsref,26.5,229581.08,99.9901
observaciones_obsref,27,229578.48,99.9889
observaciones_obsref,27.5,229578.37,99.9889
observaciones_obsref,28,229574.26,99.9871
observaciones_obsref,28.5,229570.74,99.9856
observaciones_obsref,29,229564.9,99.983
observaciones_obsref,29.5,229558.37,99.9802
observaciones_obsref,30,229551.63,99.9772
observaciones_obsref,30.4,229544.48,99.9741
observaciones_obsref,30.5,229544.48,99.9741
observaciones_obsref,31,229531.06,99.9683
observaciones_obsref,31.5,229522.88,99.9647
observaciones_obsref,32,229514.33,99.961
observaciones_obsref,32.5,229502.44,99.9558
observaciones_obsref,33,229489.48,99.9502
observaciones_obsref,33.5,229468.59,99.9411
observaciones_obsref,33.7,229458.92,99.9369
observaciones_obsref,34,229450.01,99.933
observaciones_obsref,34.5,229427.73,99.9233
observaciones_obsref,35,229410.8,99.9159
observaciones_obsref,35.5,229390.33,99.907
observaciones_obsref,36,229368.78,99.8976
observaciones_obsref,36.5,229342.74,99.8863
observaciones_obsref,37,229319.84,99.8763
observaciones_obsref,37.5,229291.84,99.8641
observaciones_obsref,38,229266.47,99.853
observaciones_obsref,38.5,229238.38,99.8408
observaciones_obsref,39,229206.74,99.827
observaciones_obsref,39.5,229168.83,99.8105
observaciones_obsref,40,229130.57,99.7938
observaciones_obsref,40.5,229088.47,99.7755
observaciones_obsref,40.64,229076.61,99.7703
observaciones_obsref,41,229041.27,99.755
observaciones_obsref,41.5,228994.67,99.7347
observaciones_obsref,42,228936.88,99.7095
observaciones_obsref,42.5,228874.06,99.6821
observaciones_obsref,43,228791.35,99.6461
observaciones_obsref,43.5,228698.5,99.6057
observaciones_obsref,44,228597.13,99.5615
observaciones_obsref,44.2,228536.89,99.5353
observaciones_obsref,44.5,228463.29,99.5032
observaciones_obsref,45,228341.28,99.4501
observaciones_obsref,45.5,228219.29,99.397
observaciones_obsref,46,228086.63,99.3392
observaciones_obsref,46.5,227949.13,99.2793
observaciones_obsref,47,227801.43,99.215
observaciones_obsref,47.5,227582.85,99.1198
observaciones_obsref,48,227320.33,99.0054
observaciones_obsref,48.5,227059.14,98.8917
observaciones_obsref,49,226797.57,98.7778
observaciones_obsref,49.5,226516.35,98.6553
observaciones_obsref,50,226157.07,98.4988
observaciones_obsref,50.5,225807.99,98.3468
observaciones_obsref,50.8,225556.7,98.2373
observaciones_obsref,51,225395.37,98.167
observaciones_obsref,51.5,224921.66,97.9607
observaciones_obsref,52,224433.92,97.7483
observaciones_obsref,52.5,223879.36,97.5068
observaciones_obsref,53,223237.97,97.2274
observaciones_obsref,53.5,222430.16,96.8756
observaciones_obsref,54,221685.18,96.5511
observaciones_obsref,54.44,220901.28,96.2097
observaciones_obsref,54.5,220795.1,96.1635
observaciones_obsref,55,219867.22,95.7594
observaciones_obsref,55.5,218842.42,95.313
observaciones_obsref,56,217962.56,94.9298
observaciones_obsref,56.5,217169.15,94.5843
observaciones_obsref,57,216225.99,94.1735
observaciones_obsref,57.5,215240.33,93.7442
observaciones_obsref,58,214265.15,93.3195
observaciones_obsref,58.5,213211.8,92.8607
observaciones_obsref,59,212292.48,92.4603
observaciones_obsref,59.5,211296.15,92.0264
observaciones_obsref,60,210376.28,91.6257
observaciones_obsref,60.5,209468.33,91.2303
observaciones_obsref,61,208569.36,90.8388
observaciones_obsref,61.5,207607.02,90.4196
observaciones_obsref,62,206575.05,89.9702
observaciones_obsref,62.5,205652.7,89.5685
observaciones_obsref,63,204651.8,89.1325
observaciones_obsref,63.5,203583.49,88.6673
observaciones_obsref,64,202485.96,88.1893
observaciones_obsref,64.5,201444.82,87.7358
observaciones_obsref,65,200417.88,87.2885
observaciones_obsref,65.5,199468.48,86.875
observaciones_obsref,66,198501.83,86.454
observaciones_obsref,66.5,197505.2,86.02
observaciones_obsref,67,196275.51,85.4844
observaciones_obsref,67.5,194817.82,84.8495
observaciones_obsref,68,193295.94,84.1867
observaciones_obsref,68.5,191367.16,83.3466
observaciones_obsref,69,189087.86,82.3539
observaciones_obsref,69.5,186808.49,81.3612
observaciones_obsref,70,184470.94,80.3431
observaciones_obsref,70.5,181648.78,79.114
observaciones_obsref,71,177884.91,77.4747
observaciones_obsref,71.5,173334.72,75.4929
observaciones_obsref,72,168259.83,73.2827
observaciones_obsref,72.5,162208.85,70.6473
observaciones_obsref,73,154365.25,67.2311
observaciones_obsref,73.5,144706.19,63.0243
observaciones_obsref,74,132466.02,57.6933
observaciones_obsref,74.5,115489.1,50.2993
observaciones_obsref,75,97153.09,42.3133
observaciones_present,20,229598.54,99.9977
observaciones_present,20.5,229598.12,99.9975
observaciones_present,21,229596.2,99.9966
observaciones_present,21.5,229596.2,99.9966
observaciones_present,22,229594.1,99.9957
observaciones_present,22.5,229594.09,99.9957
observaciones_present,23,229592.66,99.9951
observaciones_present,23.5,229591.62,99.9947
observaciones_present,24,229590.47,99.9941
observaciones_present,24.5,229590.38,99.9941
observaciones_present,25,229588.6,99.9933
observaciones_present,25.5,229586.11,99.9923
observaciones_present,26,229582.8,99.9908
observaciones_present,26.5,229581.36,99.9902
observaciones_present,27,229577.91,99.9887
observaciones_present,27.5,229576.97,99.9883
observaciones_present,28,229573.33,99.9867
observaciones_present,28.5,229567.57,99.9842
observaciones_present,29,229558.85,99.9804
observaciones_present,29.5,229551.26,99.9771
observaciones_present,30,229544.3,99.974
observaciones_present,30.4,229535.96,99.9704
observaciones_present,30.5,229532.99,99.9691
observaciones_present,31,229523.62,99.965
observaciones_present,31.5,229511.49,99.9598
observaciones_present,32,229501.08,99.9552
observaciones_present,32.5,229486.11,99.9487
observaciones_present,33,229463.85,99.939
observaciones_present,33.5,229442.33,99.9296
observaciones_present,33.7,229431.23,99.9248
observaciones_present,34,229423.55,99.9215
observaciones_present,34.5,229404.1,99.913
observaciones_present,35,229386.06,99.9051
observaciones_present,35.5,229367.06,99.8968
observaciones_present,36,229334.68,99.8827
observaciones_present,36.5,229308.81,99.8715
observaciones_present,37,229291.29,99.8638
observaciones_present,37.5,229263.01,99.8515
observaciones_present,38,229233.74,99.8388
observaciones_present,38.5,229202.91,99.8254
observaciones_present,39,229162.41,99.8077
observaciones_present,39.5,229126.68,99.7922
observaciones_present,40,229085.23,99.7741
observaciones_present,40.5,229040.62,99.7547
observaciones_present,40.64,229026.42,99.7485
observaciones_present,41,228990.36,99.7328
observaciones_present,41.5,228928.87,99.706
observaciones_present,42,228865.96,99.6786
observaciones_present,42.5,228786.52,99.644
observaciones_present,43,228705.54,99.6087
observaciones_present,43.5,228573.81,99.5514
observaciones_present,44,228450.18,99.4975
observaciones_present,44.2,228404.38,99.4776
observaciones_present,44.5,228311.19,99.437
observaciones_present,45,228170.18,99.3756
observaciones_present,45.5,228033.38,99.316
observaciones_present,46,227884.34,99.2511
observaciones_present,46.5,227715.49,99.1775
observaciones_present,47,227483.2,99.0764
observaciones_present,47.5,227215.97,98.96
observaciones_present,48,226981.28,98.8578
observaciones_present,48.5,226710.58,98.7399
observaciones_present,49,226418.38,98.6126
observaciones_present,49.5,226070.21,98.461
observaciones_present,50,225742.72,98.3183
observaciones_present,50.5,225355.72,98.1498
observaciones_present,50.8,225104.47,98.0404
observaciones_present,51,224918.51,97.9594
observaciones_present,51.5,224409.96,97.7379
observaciones_present,52,223842.52,97.4907
observaciones_present,52.5,223195.76,97.209
observaciones_present,53,222385.06,96.856
observaciones_present,53.5,221564.54,96.4986
observaciones_present,54,220708.32,96.1257
observaciones_present,54.44,219902.13,95.7746
observaciones_present,54.5,219801.66,95.7308
observaciones_present,55,218849.02,95.3159
observaciones_present,55.5,217983.87,94.9391
observaciones_present,56,217162.69,94.5814
observaciones_present,56.5,216259.09,94.1879
observaciones_present,57,215304.56,93.7722
observaciones_present,57.5,214369.45,93.3649
observaciones_present,58,213299.91,92.8991
observaciones_present,58.5,212295.48,92.4616
observaciones_present,59,211258.81,92.0101
observaciones_present,59.5,210286.31,91.5866
observaciones_present,60,209385.03,91.194
observaciones_present,60.5,208465.88,90.7937
observaciones_present,61,207518.19,90.381
observaciones_present,61.5,206484.86,89.9309
observaciones_present,62,205629.72,89.5585
observaciones_present,62.5,204724.67,89.1643
observaciones_present,63,203780.97,88.7533
observaciones_present,63.5,202687.25,88.2769
observaciones_present,64,201695.05,87.8448
observaciones_present,64.5,200674.49,87.4003
observaciones_present,65,199726.29,86.9873
observaciones_present,65.5,198742.1,86.5587
observaciones_present,66,197763.52,86.1325
observaciones_present,66.5,196575.32,85.615
observaciones_present,67,195174.74,85.005
observaciones_present,67.5,193694.98,84.3605
observaciones_present,68,192043.35,83.6412
observaciones_present,68.5,189933.51,82.7222
observaciones_present,69,187776.92,81.783
observaciones_present,69.5,185612.65,80.8404
observaciones_present,70,183187.98,79.7843
observaciones_present,70.5,180003.27,78.3973
observaciones_present,71,176356.63,76.8091
observaciones_present,71.5,171908.13,74.8716
observaciones_present,72,166629.27,72.5725
observaciones_present,72.5,160430.61,69.8728
observaciones_present,73,152345.06,66.3513
observaciones_present,73.5,142520.06,62.0721
observaciones_present,74,129135.09,56.2425
observaciones_present,74.5,110697.62,48.2124
observaciones_present,75,92058.58,40.0945
pooled_nearterm,20,229579.4,99.9893
pooled_nearterm,20.5,229574.34,99.9871
pooled_nearterm,21,229565.7,99.9834
pooled_nearterm,21.5,229555.84,99.9791
pooled_nearterm,22,229550.28,99.9766
pooled_nearterm,22.5,229541.01,99.9726
pooled_nearterm,23,229533.05,99.9691
pooled_nearterm,23.5,229517.75,99.9625
pooled_nearterm,24,229500.26,99.9549
pooled_nearterm,24.5,229482.7,99.9472
pooled_nearterm,25,229455.21,99.9352
pooled_nearterm,25.5,229434.58,99.9263
pooled_nearterm,26,229402.5,99.9123
pooled_nearterm,26.5,229376.59,99.901
pooled_nearterm,27,229350.02,99.8894
pooled_nearterm,27.5,229325.6,99.8788
pooled_nearterm,28,229302.85,99.8689
pooled_nearterm,28.5,229278.34,99.8582
pooled_nearterm,29,229247.51,99.8448
pooled_nearterm,29.5,229223.41,99.8343
pooled_nearterm,30,229189.98,99.8197
pooled_nearterm,30.4,229154.07,99.8041
pooled_nearterm,30.5,229146.01,99.8006
pooled_nearterm,31,229103.88,99.7822
pooled_nearterm,31.5,229065.23,99.7654
pooled_nearterm,32,229014.09,99.7431
pooled_nearterm,32.5,228967.17,99.7227
pooled_nearterm,33,228907.82,99.6968
pooled_nearterm,33.5,228834.51,99.6649
pooled_nearterm,33.7,228802.41,99.6509
pooled_nearterm,34,228749.01,99.6277
pooled_nearterm,34.5,228653.56,99.5861
pooled_nearterm,35,228560.18,99.5454
pooled_nearterm,35.5,228469.93,99.5061
pooled_nearterm,36,228380.23,99.467
pooled_nearterm,36.5,228278.28,99.4226
pooled_nearterm,37,228177,99.3785
pooled_nearterm,37.5,228082.47,99.3374
pooled_nearterm,38,227976.85,99.2914
pooled_nearterm,38.5,227842.41,99.2328
pooled_nearterm,39,227717.81,99.1785
pooled_nearterm,39.5,227580.04,99.1185
pooled_nearterm,40,227406.22,99.0428
pooled_nearterm,40.5,227200.47,98.9532
pooled_nearterm,40.64,227139.44,98.9266
pooled_nearterm,41,226979.67,98.8571
pooled_nearterm,41.5,226752.26,98.758
pooled_nearterm,42,226507.02,98.6512
pooled_nearterm,42.5,226231.02,98.531
pooled_nearterm,43,225964.71,98.415
pooled_nearterm,43.5,225659.18,98.2819
pooled_nearterm,44,225320.56,98.1345
pooled_nearterm,44.2,225170.45,98.0691
pooled_nearterm,44.5,224925.66,97.9625
pooled_nearterm,45,224442.83,97.7522
pooled_nearterm,45.5,223933.11,97.5302
pooled_nearterm,46,223383.59,97.2909
pooled_nearterm,46.5,222754.71,97.017
pooled_nearterm,47,222092.42,96.7285
pooled_nearterm,47.5,221312.21,96.3887
pooled_nearterm,48,220415.36,95.9981
pooled_nearterm,48.5,219523.04,95.6095
pooled_nearterm,49,218496.17,95.1622
pooled_nearterm,49.5,217382.89,94.6773
pooled_nearterm,50,216267.16,94.1914
pooled_nearterm,50.5,215203.44,93.7281
pooled_nearterm,50.8,214623.04,93.4753
pooled_nearterm,51,214184.07,93.2842
pooled_nearterm,51.5,213204.05,92.8573
pooled_nearterm,52,212292.92,92.4605
pooled_nearterm,52.5,211422.64,92.0815
pooled_nearterm,53,210518.14,91.6875
pooled_nearterm,53.5,209590.73,91.2836
pooled_nearterm,54,208769.88,90.9261
pooled_nearterm,54.44,208114.37,90.6406
pooled_nearterm,54.5,208029.5,90.6036
pooled_nearterm,55,207334.5,90.3009
pooled_nearterm,55.5,206618.41,89.9891
pooled_nearterm,56,205816.24,89.6397
pooled_nearterm,56.5,204993.32,89.2813
pooled_nearterm,57,204169.74,88.9226
pooled_nearterm,57.5,203443.71,88.6064
pooled_nearterm,58,202739.94,88.2999
pooled_nearterm,58.5,201989.55,87.973
pooled_nearterm,59,201198.83,87.6287
pooled_nearterm,59.5,200376.78,87.2706
pooled_nearterm,60,199519.88,86.8974
pooled_nearterm,60.5,198696.26,86.5387
pooled_nearterm,61,197718.37,86.1128
pooled_nearterm,61.5,196619.92,85.6344
pooled_nearterm,62,195533.92,85.1614
pooled_nearterm,62.5,194033.25,84.5078
pooled_nearterm,63,192188.94,83.7046
pooled_nearterm,63.5,190391.51,82.9217
pooled_nearterm,64,188666.38,82.1704
pooled_nearterm,64.5,187057.23,81.4695
pooled_nearterm,65,185390.5,80.7436
pooled_nearterm,65.5,183712.5,80.0128
pooled_nearterm,66,182025.7,79.2781
pooled_nearterm,66.5,180062.35,78.423
pooled_nearterm,67,177860.7,77.4641
pooled_nearterm,67.5,175617.21,76.487
pooled_nearterm,68,173192.12,75.4308
pooled_nearterm,68.5,170642.77,74.3205
pooled_nearterm,69,167953.91,73.1494
pooled_nearterm,69.5,165065.51,71.8914
pooled_nearterm,70,162085.35,70.5935
pooled_nearterm,70.5,158820.21,69.1714
pooled_nearterm,71,154620.98,67.3425
pooled_nearterm,71.5,150256.93,65.4418
pooled_nearterm,72,144932.94,63.123
pooled_nearterm,72.5,137955.41,60.0841
pooled_nearterm,73,130137.21,56.679
pooled_nearterm,73.5,120597.63,52.5242
pooled_nearterm,74,110364.28,48.0672
pooled_nearterm,74.5,98131.58,42.7395
pooled_nearterm,75,82965.94,36.1344
