stations,n,lon,lat,swc_min,swc_max,spread,todos_obs,spread_obs
6268O 6268Y,2,-3.529,36.724,13.11,41.23,28.12,FALSE,
5702B 5702X,2,-5.741,37.566,42.22,50.58,8.36,TRUE,10
7007B 7007X,2,-1.234,37.576,39.12,47.22,8.1,TRUE,8.72
4436C 4436X,2,-6.403,38.678,64.12,71.35,7.22999999999999,FALSE,
6084B 6084X,2,-4.618,36.539,21.09,27.66,6.57,TRUE,11.04
5427 5427X,2,-4.354,37.556,66.46,72.85,6.39,TRUE,7.24000000000001
4554E 4554X,2,-7.084,37.218,52.45,58.74,6.29,TRUE,3.9
B780 B780X,2,3.1,39.909,48.53,54.81,6.28,TRUE,10.88
1210 1210X,2,-5.849,43.656,64,70.22,6.22,TRUE,5.12000000000001
8050E 8050X,2,0.168,38.784,52.05,58.02,5.97000000000001,FALSE,
8270U 8270X,2,-0.79,39.134,58.88,64.79,5.91,TRUE,5.25
2150I 2150X,2,-3.47,41.209,47.72,53.16,5.44,FALSE,
7026U 7026X,2,-0.968,37.739,47.95,53.27,5.32,FALSE,
0281A 0281Y,2,2.805,41.677,56.36,61.57,5.21,TRUE,1.40000000000001
8446G 8446Y,2,-0.259,39.701,49.78,54.17,4.39,TRUE,2.04
5998A 5998X,2,-5.112,37.243,49.86,54.13,4.27,TRUE,4.37
1279C 1279X,2,-6.231,43.425,70.63,74.71,4.08,TRUE,3.05
6172O 6172X,2,-4.42,36.717,20.6,24.62,4.02,TRUE,6.05
5983U 5983X,2,-5.92,36.406,43.34,47.33,3.99,TRUE,0.669999999999995
0385J 0385X,2,3.201,42.054,66.7,70.65,3.95,TRUE,3.14999999999999
8072 8072Y,2,-0.305,39.017,62.46,66.39,3.93,TRUE,4.34
8283 8283X,2,-0.608,38.829,58.77,62.64,3.87,TRUE,0.039999999999992
9961 9961X,2,0.735,41.249,71.15,75.01,3.86,FALSE,
3575 3575X,2,-7.138,39.362,75.15,78.63,3.47999999999999,FALSE,
5641U 5641X,2,-5.085,37.516,58.38,61.67,3.29,TRUE,4.64
7247E 7247X,2,-1.038,38.4,70.07,73.17,3.10000000000001,TRUE,3.38
6088A 6088X,2,-4.515,36.621,29.18,32.21,3.03,TRUE,3.54
9245E 9245X,2,-1.366,42.521,77.02,79.93,2.91000000000001,FALSE,
6127A 6127X,2,-4.697,36.855,43.35,46.19,2.84,TRUE,2.53
B013 B013X,2,2.886,39.823,73.7,76.26,2.56,TRUE,1.02000000000001
1363 1363X,2,-7.861,43.446,78.37,80.91,2.53999999999999,TRUE,2.31999999999999
8503G 8503Y,2,0.184,40.211,55.46,57.94,2.48,TRUE,1.01
1210I 1210Y,2,-5.916,43.549,64.52,66.94,2.42,TRUE,2.68000000000001
1199B 1199X,2,-5.397,43.378,75.46,77.84,2.38000000000001,TRUE,0.530000000000001
5624I 5624X,2,-4.686,37.482,63.52,65.84,2.32,TRUE,0.420000000000002
0034C 0034X,2,1.261,41.293,69.48,71.73,2.25,TRUE,1.81
5038X 5038Y,2,-3.004,37.916,69.61,71.84,2.23,TRUE,1.57000000000001
9501F 9501X,2,-0.886,41.443,74.44,76.63,2.19,TRUE,2.04000000000001
3245 3245Y,2,-3.506,39.696,74.82,77,2.18000000000001,TRUE,1.59999999999999
B526 B526X,2,3.351,39.689,59.5,61.66,2.16,TRUE,1.54
B605 B605X,2,3.105,39.797,57.93,60.06,2.13,TRUE,1.6
1249I 1249X,2,-5.874,43.353,74.01,76.11,2.09999999999999,TRUE,1.86
0370A 0370X,2,2.808,41.971,68.47,70.55,2.08,TRUE,2.55
3044 3044X,2,-2.15,40.53,72.63,74.71,2.08,TRUE,1.24
6375A 6375X,2,-4.742,37.133,70.58,72.66,2.08,FALSE,
3298B 3298X,2,-4.351,39.547,76.9,78.96,2.05999999999999,TRUE,0.689999999999998
5060 5060X,2,-2.228,37.861,75.49,77.45,1.96000000000001,TRUE,1.78
9354E 9354X,2,-1.895,41.293,75.28,77.2,1.92,TRUE,0.620000000000005
8520B 8520X,2,0.165,40.694,67.83,69.72,1.89,TRUE,0.930000000000007
5941D 5941X,2,-5.512,36.729,57.72,59.6,1.88,TRUE,2.39
8059E 8059X,2,-0.46,38.721,62.35,64.18,1.83000000000001,TRUE,3.09999999999999
8337 8337X,2,-0.62,39.389,60.59,62.28,1.69,TRUE,3.43
9491 9491X,2,-0.586,42.029,76.65,78.32,1.66999999999999,TRUE,0.159999999999997
1014 1014A,2,-1.792,43.357,65.34,66.97,1.63,TRUE,1.2
0222 0222X,2,2.168,41.613,71.32,72.93,1.61000000000001,TRUE,1.46000000000001
9563 9563X,2,-0.187,40.499,73.28,74.88,1.59999999999999,TRUE,2.88
9942 9942A,2,0.14,41.122,72.41,73.98,1.57000000000001,TRUE,0.480000000000004
5612O 5612X,2,-4.827,37.27,64.77,66.32,1.55,TRUE,1.42
9390 9390X,2,-1.41,41.114,74.68,76.2,1.52,TRUE,0.469999999999999
1083G 1083X,2,-3.173,43.356,66.77,68.28,1.51000000000001,TRUE,2.17
9299C 9299X,2,-1.723,41.915,77.12,78.62,1.5,TRUE,0.189999999999998
9814 9814A,2,-0.112,42.627,77.05,78.53,1.48,TRUE,0.439999999999998
5906O 5906X,2,-6.401,36.75,46.65,48.11,1.46,TRUE,1.41
4549B 4549Y,2,-7.395,37.195,39.04,40.49,1.45,TRUE,1.08
4541U 4541X,2,-7.52,37.554,48.46,49.86,1.4,TRUE,1.22000000000001
7261I 7261X,2,-0.715,38.088,43.03,44.43,1.4,TRUE,3.07
0120 0120X,2,2.095,41.813,76.69,78.06,1.37,TRUE,2.09
7244 7244X,2,-0.981,38.068,46.93,48.28,1.35,TRUE,2.85
3464A 3464X,2,-5.761,39.429,74.32,75.65,1.33000000000001,TRUE,0.539999999999992
9495G 9495Y,2,-0.617,41.797,73.97,75.25,1.28,TRUE,0.379999999999995
5429U 5429X,2,-4.462,37.81,66.2,67.46,1.25999999999999,TRUE,3.06999999999999
7066 7066Y,2,-2.22,38.392,69.11,70.34,1.23,TRUE,0.689999999999998
7109 7109Y,2,-1.65,38.343,61.9,63.13,1.23,TRUE,1.29000000000001
8325I 8325X,2,-0.372,39.185,55.93,57.15,1.22,FALSE,
0158O 0158X,2,1.839,41.594,78,79.2,1.2,TRUE,0.870000000000005
4112 4112A,2,-3.612,39.218,75.14,76.32,1.17999999999999,TRUE,1.68000000000001
9263I 9263X,2,-1.532,42.776,77.27,78.43,1.16000000000001,TRUE,0.530000000000001
9946C 9946X,2,0.312,40.953,74.96,76.12,1.16000000000001,TRUE,1.17
7002C 7002X,2,-1.586,37.416,44.69,45.79,1.1,TRUE,0.399999999999999
4589 4589X,2,-7.119,37.598,58.29,59.36,1.07,TRUE,2.28999999999999
4051E 4051Y,2,-2.807,40.061,76.93,78,1.06999999999999,TRUE,0.890000000000001
9436U 9436X,2,-1.087,40.995,72.79,73.85,1.05999999999999,TRUE,0.0100000000000051
4093 4093Y,2,-2.76,39.656,75.59,76.62,1.03,TRUE,0.5
0411O 0411X,2,3.093,42.225,72,73.02,1.02,TRUE,1.03
B860 B860X,2,3.854,39.993,51.96,52.97,1.01,TRUE,2.87
8013B 8013X,2,-0.758,38.387,49.1,50.07,0.969999999999999,TRUE,2.66999999999999
4527E 4527X,2,-6.976,37.98,64.08,65.04,0.960000000000008,FALSE,
9918 9918X 9918Y,3,0.377,41.781,72.89,73.85,0.959999999999994,TRUE,0.300000000000011
9908A 9908X,2,-0.333,41.774,75.98,76.93,0.950000000000003,TRUE,0.310000000000002
9510G 9510X,2,-0.504,41.429,72.72,73.65,0.930000000000007,TRUE,0.710000000000008
1002B 1002Y,2,-1.543,43.136,73.38,74.3,0.920000000000002,TRUE,0.170000000000002
0114 0114X,2,2.027,42.007,74.81,75.7,0.890000000000001,TRUE,0.350000000000009
9531C 9531X 9531Y,3,-0.793,40.829,74.22,75.1,0.879999999999996,TRUE,0.47999999999999
B362 B362X,2,3.064,39.406,59.42,60.29,0.869999999999997,TRUE,2.1
5394U 5394X,2,-4.797,38.021,71.61,72.46,0.849999999999994,TRUE,1.39999999999999
8290 8290X,2,-0.883,38.921,76.62,77.43,0.810000000000002,TRUE,2.13
9394U 9394X,2,-1.645,41.331,74.7,75.48,0.780000000000001,FALSE,
8409 8409X,2,-0.654,39.664,59.79,60.56,0.770000000000003,TRUE,1.19
9901J 9901X,2,-0.395,42.139,76.88,77.64,0.760000000000005,TRUE,0.150000000000006
9729 9729X,2,0.867,41.617,73.39,74.11,0.719999999999999,TRUE,0.430000000000007
0066C 0066X,2,1.677,41.33,70.71,71.42,0.710000000000008,TRUE,1.29000000000001
1021 1021Y,2,-1.798,43.212,78.23,78.93,0.700000000000003,TRUE,0.129999999999995
9998J 9998X,2,-1.494,40.921,73.13,73.83,0.700000000000003,TRUE,0.909999999999997
5835E 5835X,2,-6.334,37.36,55.08,55.77,0.690000000000005,TRUE,0.979999999999997
9632O 9632X,2,1.569,42.23,72.8,73.49,0.689999999999998,TRUE,0
1096U 1096X,2,-3.47,43.397,72.51,73.16,0.649999999999992,TRUE,0.810000000000002
9178C 9178X,2,-2.346,42.671,77.12,77.74,0.61999999999999,TRUE,1.57000000000001
9513B 9513X,2,-0.806,41.031,76.65,77.27,0.61999999999999,TRUE,0.120000000000005
5390X 5390Y,2,-4.609,38.333,75.59,76.2,0.609999999999999,TRUE,0.219999999999999
8058C 8058X,2,-0.096,38.929,48.96,49.54,0.579999999999998,TRUE,1.2
8319C 8319X,2,-0.857,39.451,75.9,76.48,0.579999999999998,TRUE,0.899999999999992
3576 3576X,2,-7.231,39.415,76.13,76.7,0.570000000000007,TRUE,1.52
1033E 1033X,2,-1.951,43.085,77.07,77.61,0.540000000000006,TRUE,0.359999999999999
5625A 5625X,2,-4.764,37.639,66.29,66.8,0.509999999999991,TRUE,0.890000000000001
9283 9283X,2,-1.711,42.207,77.24,77.74,0.5,FALSE,
9894B 9894X 9894Y,3,-0.161,41.799,75.16,75.66,0.5,TRUE,0.650000000000006
9924B 9924X,2,0.356,41.525,71.7,72.19,0.489999999999995,TRUE,0.0800000000000125
9238H 9238X,2,-1.117,42.717,75.6,76.08,0.480000000000004,TRUE,0.269999999999996
8008A 8008Y,2,-0.866,38.577,71.1,71.55,0.450000000000003,TRUE,2.16
3170 3170E,2,-3.292,40.52,75.12,75.57,0.449999999999989,TRUE,0.179999999999993
4575 4575X,2,-6.752,37.572,57.26,57.7,0.440000000000005,TRUE,0.019999999999996
9302C 9302X 9302Y,3,-1.609,42.056,77.47,77.91,0.439999999999998,TRUE,1.14
0149D 0149X,2,1.84,41.72,73.78,74.18,0.400000000000006,TRUE,0.400000000000006
0421E 0421X,2,3.006,42.39,72.23,72.62,0.390000000000001,TRUE,0.0300000000000011
4386 4386X,2,-6.014,38.235,75.09,75.48,0.390000000000001,TRUE,0.659999999999997
8489A 8489X,2,-0.256,40.433,74.89,75.27,0.379999999999995,TRUE,0.140000000000001
9283I 9283Y,2,-1.79,42.184,75.89,76.27,0.379999999999995,FALSE,
9171I 9171K,2,-2.184,42.57,78.77,79.14,0.370000000000005,TRUE,1.51000000000001
9911F 9911X,2,0.188,41.619,73.71,74.08,0.370000000000005,TRUE,0.170000000000002
5459U 5459X,2,-4.929,38.111,70.46,70.8,0.340000000000003,FALSE,
2370 2370A,2,-4.737,42.523,73.65,73.98,0.329999999999998,TRUE,0.780000000000001
8084 8084Y,2,-1.927,40.221,70.63,70.96,0.329999999999998,TRUE,0.410000000000011
4103C 4103X,2,-3.007,39.169,74.18,74.49,0.309999999999988,TRUE,0.77000000000001
2005 2005X,2,-2.784,41.967,68.41,68.7,0.290000000000006,TRUE,0.410000000000011
2100E 2100X,2,-3.689,41.65,74.06,74.35,0.289999999999992,TRUE,2.17
1111 1111X,2,-3.801,43.491,62.97,63.25,0.280000000000001,TRUE,0.399999999999999
8416 8416Y,2,-0.366,39.481,43.62,43.9,0.280000000000001,TRUE,0.490000000000002
4147B 4147X,2,-3.391,38.751,76.35,76.6,0.25,FALSE,
3422 3422Y,2,-5.325,40.109,77.28,77.52,0.239999999999995,TRUE,1
9121 9121X,2,-2.855,42.575,78.82,79.01,0.190000000000012,TRUE,0.0799999999999983
9145 9145Y,2,-2.639,42.483,78.91,79.08,0.170000000000002,TRUE,0
9174 9174X,2,-2.056,42.374,78.38,78.54,0.160000000000011,TRUE,0.459999999999994
9935A 9935X,2,0.146,40.873,75.27,75.43,0.160000000000011,TRUE,0.0699999999999932
0171C 0171X,2,1.618,41.579,74.5,74.62,0.120000000000005,TRUE,0.379999999999995
1226 1226X,2,-5.477,43.095,77.85,77.93,0.0800000000000125,TRUE,0.409999999999997
4193 4193Y,2,-4.284,39.218,74.1,74.16,0.0600000000000023,TRUE,0.530000000000001
7195 7195X,2,-2.058,37.926,77.86,77.92,0.0600000000000023,TRUE,0.340000000000003
9453 9453X,2,-0.319,42.699,72.52,72.58,0.0600000000000023,FALSE,
9756 9756X,2,0.48,42.113,76.76,76.81,0.0499999999999972,TRUE,0.799999999999997
8369A 8369B,2,-1.106,40.341,75.75,75.79,0.0400000000000063,TRUE,0.140000000000001
9772E 9772X,2,0.914,41.366,76.7,76.72,0.019999999999996,TRUE,1.11
