station_id,lon,lat,n_past,n_recent,n_all,swc_1995_2020,swc_1995_2025,d_swc,mean_past,mean_recent,d_mean,mae
0009X,0.963,41.214,26,5,31,76.715,76.27,-0.445,80.805,75.524,-5.281,0.67
0016A,1.164,41.145,26,5,31,64.67,65.76,1.09,71.013,68.734,-2.279,1.875
0034X,1.261,41.293,26,5,31,73.58,72.73,-0.85,77.502,73.994,-3.508,0.307
0042Y,1.249,41.124,26,5,31,61.595,59.39,-2.205,69.055,60.956,-8.099,0.418
0061X,1.519,41.417,26,5,31,78.715,77.68,-1.035,81.051,79.834,-1.217,1.199
0066X,1.677,41.33,26,5,31,70.6,68.87,-1.73,75.769,71.246,-4.523,0.438
0073X,1.853,41.244,26,5,31,66.63,65.03,-1.6,73.511,67.658,-5.853,1.678
0076,2.07,41.293,26,5,31,64.265,65.21,0.945,71.763,67.332,-4.431,2.199
0092X,1.858,42.101,26,5,31,76.75,76.82,0.07,79.833,79.928,0.095,0.119
0106X,1.873,41.866,26,5,31,73.565,72.88,-0.685,76.483,75.064,-1.419,0.164
0114X,2.027,42.007,26,5,31,75.29,75.25,-0.04,78.093,77.664,-0.429,1.771
0120X,2.095,41.813,26,5,31,78.15,77.92,-0.23,80.968,80.044,-0.924,0.096
0149D,1.84,41.72,26,3,29,74.575,73.872,-0.703,77.943,74.133,-3.81,0.653
0149X,1.84,41.72,26,5,31,74.985,73.97,-1.015,78.062,75.26,-2.802,0.237
0158O,1.839,41.594,26,5,31,80.195,79.23,-0.965,82.718,82.008,-0.71,0.419
0158X,1.839,41.594,26,5,31,79.325,78.78,-0.545,82.907,81.648,-1.259,0.011
0171X,1.618,41.579,26,4,30,75.065,73.308,-1.757,79.375,73.825,-5.55,0.152
0194D,1.885,41.408,26,4,30,78.08,77.384,-0.696,81.71,79.31,-2.4,0.302
0200E,2.124,41.418,26,5,31,72.18,69.18,-3,79.084,68.822,-10.262,0.496
0201D,2.2,41.391,26,4,30,57.67,57.178,-0.492,67.735,63.065,-4.67,1.948
0222X,2.168,41.613,26,5,31,73.95,71.66,-2.29,76.973,72.192,-4.781,0.519
0252D,2.54,41.588,26,5,31,65.655,63.58,-2.075,72.889,66.898,-5.991,3.873
0260X,2.431,41.76,26,5,31,79.435,78.33,-1.105,82.648,79.74,-2.908,2.37
0281Y,2.805,41.677,26,5,31,63.38,61.59,-1.79,70.719,66.066,-4.653,0.058
0284X,3.031,41.808,26,5,31,72.95,71.28,-1.67,77.342,73.608,-3.734,0.032
0294B,3.042,41.968,26,5,31,71.075,70.44,-0.635,74.857,71.02,-3.837,0.571
0312X,2.364,42.258,26,5,31,73.605,74.2,0.595,76.167,75.742,-0.425,2.306
0320I,2.103,42.317,26,5,31,74.3,74.69,0.39,77.388,77.892,0.504,1.881
0321,2.167,42.223,26,5,31,74.265,74.28,0.015,76.113,77.004,0.891,0
0324A,2.196,42.191,26,5,31,74.415,74.45,0.035,76.908,78.044,1.136,1.325
0341,2.227,41.847,26,5,31,76.41,76.29,-0.12,78.898,78.122,-0.776,1.058
0349,2.317,41.926,26,4,30,74.96,75.232,0.272,77.649,77.025,-0.624,0.318
0360X,2.551,42.053,26,5,31,72.47,72.39,-0.08,75.505,74.524,-0.981,1.091
0363X,2.513,41.881,26,5,31,76.815,76.63,-0.185,79.412,79.81,0.398,1.381
0367,2.763,41.912,26,4,30,69.9,68.905,-0.995,73.84,70.618,-3.222,1.103
0370E,2.819,41.972,26,5,31,68.64,68.44,-0.2,73.483,69.996,-3.487,0.691
0372C,2.764,42.104,26,5,31,72.69,72.39,-0.3,75.766,72.912,-2.854,16.213
0385X,3.201,42.054,26,5,31,71.8,68.56,-3.24,76.654,70.556,-6.098,0.156
0394X,2.472,42.211,26,5,31,72.87,72.72,-0.15,76.074,73.852,-2.222,1.056
0411X,3.093,42.225,26,4,30,72.24,70.866,-1.374,76.489,72.64,-3.849,0.339
0413A,2.756,42.387,26,5,31,77.445,77.01,-0.435,80.532,77.956,-2.576,0.744
0421E,3.006,42.39,26,4,30,72.335,71.679,-0.656,77.34,72.337,-5.003,0.643
0421X,3.006,42.39,26,5,31,72.375,72.01,-0.365,77.213,73.966,-3.247,0.093
0429X,2.96,42.259,26,5,31,70.495,69.37,-1.125,75.033,70.88,-4.153,0.64
1002Y,-1.543,43.136,26,5,31,74.18,73.9,-0.28,77.255,75.464,-1.791,0.364
1010X,-1.676,43.279,26,5,31,71.77,68.63,-3.14,76.558,71.404,-5.154,0.123
1014,-1.792,43.357,26,5,31,68.15,65.88,-2.27,74.527,69.016,-5.511,0.257
1014A,-1.792,43.357,26,5,31,66.95,63.25,-3.7,73.633,66.424,-7.209,1.173
1021Y,-1.798,43.212,26,5,31,78.61,78.62,0.01,82.038,81.42,-0.618,1.358
1026X,-2.184,43.058,26,5,31,74.74,73.87,-0.87,79.215,75.674,-3.541,0.088
1033X,-1.951,43.085,26,5,31,76.695,76.33,-0.365,80.88,79.01,-1.87,1.525
1037X,-2.337,43.052,26,5,31,77.5,76.19,-1.31,81.31,78.092,-3.218,0.386
1037Y,-2.317,43.08,26,5,31,76.765,76.87,0.105,80.803,78.894,-1.909,0.189
1038X,-2.267,43.172,26,5,31,74.245,72.34,-1.905,78.787,73.806,-4.981,0.168
1041A,-2.251,43.302,26,4,30,58.035,56.491,-1.544,68.668,62.365,-6.303,6.483
1044X,-2.589,43.058,26,5,31,78.335,78.51,0.175,81.935,81.584,-0.351,0.09
1048X,-2.466,43.025,26,5,31,77.03,76.57,-0.46,80.6,78.032,-2.568,0.009
1049N,-2.496,43.138,26,5,31,78.735,77.23,-1.505,82.265,79.558,-2.707,1.013
1050J,-2.413,43.209,26,3,29,74.665,73.312,-1.353,79.354,74.73,-4.624,2.054
1052A,-2.397,43.317,26,5,31,67.065,62.61,-4.455,74.887,67.14,-7.747,0.188
1056K,-2.671,43.343,26,5,31,69.845,68.65,-1.195,76.866,71.504,-5.362,0.1
1059X,-3.022,43.375,26,2,28,72.255,67.591,-4.664,77.716,59.71,-18.006,0.241
1060X,-3.006,43.05,26,5,31,74.805,73.85,-0.955,79.297,75.658,-3.639,0.16
1064L,-2.86,43.096,26,5,31,74.375,73.19,-1.185,79.155,74.81,-4.345,1.217
1069Y,-2.644,43.099,26,5,31,75.98,76.03,0.05,80.762,81.312,0.55,3.724
1074C,-2.706,43.203,26,5,31,73.24,72.04,-1.2,78.822,73.906,-4.916,0.598
1078C,-3.21,43.181,26,5,31,75.395,72.23,-3.165,79.695,74.84,-4.855,0.026
1078I,-3.105,43.203,26,3,29,73.955,73.754,-0.201,79.867,76.41,-3.457,3.112
1082,-2.906,43.298,26,5,31,65.99,64.95,-1.04,73.938,67.868,-6.07,1.057
1083B,-3.169,43.28,26,5,31,72.075,66.95,-5.125,76.769,69.556,-7.213,9.108
1083L,-3.234,43.395,26,5,31,64.685,61.01,-3.675,73.539,64.786,-8.753,0.387
1089U,-3.471,43.256,26,5,31,72.48,71.07,-1.41,77.677,72.97,-4.707,6.043
1096X,-3.47,43.397,26,5,31,73.88,71.09,-2.79,78.51,73.156,-5.354,1.054
1109,-3.826,43.424,26,4,30,61.67,61.686,0.016,72.506,69.01,-3.496,1.812
1109X,-3.831,43.429,26,5,31,66.18,65.99,-0.19,73.641,69.886,-3.755,3.238
1111,-3.801,43.491,26,4,30,64.135,63.85,-0.285,72.91,68.468,-4.442,1.453
1111X,-3.801,43.491,26,5,31,63.725,63.04,-0.685,73.583,66.018,-7.565,6.155
1124E,-3.849,43.246,26,5,31,74.805,73.05,-1.755,78.744,73.496,-5.248,0.035
1135C,-4.214,43.147,26,5,31,76.43,76.2,-0.23,78.789,77.514,-1.275,0.68
1152C,-4.049,43.272,26,5,31,73.155,71.8,-1.355,77.457,72.954,-4.503,5.022
1154H,-4.027,43.359,26,5,31,69.98,68.82,-1.16,76.33,70.438,-5.892,1.45
1159,-4.392,43.393,26,5,31,72.33,68.4,-3.93,78.98,70.842,-8.138,1.754
1167B,-4.813,43.144,26,5,31,75.7,75.72,0.02,78.575,79.07,0.495,2.199
1174I,-4.602,43.183,26,5,31,73.875,72.86,-1.015,77.441,72.692,-4.749,0.933
1176A,-4.668,43.256,26,5,31,76.805,76.81,0.005,81.554,80.216,-1.338,2.916
1178Y,-4.932,43.145,26,5,31,71.48,71.76,0.28,75.796,77.034,1.238,0.06
1179B,-4.853,43.311,26,5,31,77.73,74.62,-3.11,80.95,74.988,-5.962,0.187
1183X,-4.748,43.42,26,5,31,70.12,67.02,-3.1,77.156,68.958,-8.198,1.574
1186P,-5.119,43.267,26,5,31,74.54,70.66,-3.88,78.437,69.92,-8.517,2.229
1199X,-5.397,43.378,26,5,31,77.13,74.78,-2.35,80.324,75.476,-4.848,2.091
1203D,-5.247,43.492,26,5,31,73.26,71.42,-1.84,79.388,74.612,-4.776,1.315
1207U,-5.621,43.523,26,4,30,74.325,73.107,-1.218,78.336,74.898,-3.439,0.41
1210X,-5.849,43.656,26,4,30,70.435,68.561,-1.874,79.695,69.205,-10.49,0.953
1212E,-6.044,43.567,26,5,31,69.93,69.45,-0.48,77.845,72.852,-4.993,1.628
1221D,-5.776,42.979,26,5,31,56.55,56.66,0.11,63.279,71.136,7.857,0.468
1223P,-5.823,43.133,26,5,31,76.575,74.8,-1.775,79.798,75.11,-4.688,1.41
1226X,-5.477,43.095,26,5,31,76.78,76.67,-0.11,79.508,78.648,-0.86,3.633
1234P,-5.819,43.275,26,5,31,70.29,67.75,-2.54,77.126,71.73,-5.396,0.773
1249X,-5.874,43.353,26,5,31,79,73.8,-5.2,81.955,75.652,-6.303,8.08
1272B,-6.387,43.29,26,5,31,76.88,76.7,-0.18,80.543,77.564,-2.979,3.272
1276F,-6.257,43.1,26,5,31,77.505,77,-0.505,79.562,77.258,-2.304,1.65
1279X,-6.231,43.425,26,5,31,75.825,74.33,-1.495,79.482,74.302,-5.18,2.845
1283U,-6.47,43.569,26,5,31,69.385,66.24,-3.145,76.062,68.624,-7.438,0.526
1297E,-7.018,42.769,26,5,31,76.25,76.42,0.17,79.976,81.842,1.866,2.268
1302F,-6.473,42.955,26,5,31,65.64,65.82,0.18,71.862,75.19,3.328,7.646
1309C,-6.885,43.027,26,5,31,79.55,79.49,-0.06,82.11,81.054,-1.056,0.236
1327A,-6.673,43.466,26,5,31,80.4,77.03,-3.37,83.557,79.034,-4.523,0.463
1331A,-7.031,43.525,26,5,31,69.78,65.22,-4.56,75.801,67.7,-8.101,0.832
1341B,-7.061,43.416,26,5,31,79.86,74.54,-5.32,83.872,76.244,-7.628,3.732
1342X,-7.083,43.541,26,5,31,72.125,64.37,-7.755,77.104,67.252,-9.852,0.065
1344X,-7.362,43.431,26,5,31,75.79,70.18,-5.61,80.165,72.104,-8.061,1.556
1347T,-7.357,43.651,26,5,31,70.905,68.81,-2.095,77.446,69.698,-7.748,1.917
1351,-7.685,43.786,26,5,31,68.54,66.31,-2.23,75.626,67.564,-8.062,1.606
1354C,-8.259,43.476,26,5,31,69.42,68,-1.42,77.183,67.196,-9.987,3.133
1363X,-7.861,43.446,26,4,30,81.41,80.826,-0.584,83.296,81.048,-2.248,0.576
1387E,-8.372,43.307,26,5,31,73.57,71.62,-1.95,78.59,70.398,-8.192,1.9
1390X,-8.711,43.204,26,5,31,75.22,72.96,-2.26,79.008,72.076,-6.932,6.779
1393,-9.211,43.161,26,4,30,73.415,69.891,-3.524,79.75,71.93,-7.82,1.042
1399,-9.047,43.057,26,5,31,81.655,79.59,-2.065,84.745,79.634,-5.111,0.602
1400,-9.291,42.925,26,5,31,74.69,73.24,-1.45,81.85,74.668,-7.182,0.976
1406X,-8.994,42.935,26,5,31,83.64,81.51,-2.13,85.842,82.564,-3.278,0.055
1410X,-8.022,43.038,26,5,31,76.08,75.9,-0.18,80.431,79.556,-0.875,3.484
1428,-8.411,42.888,26,5,31,79.97,79.57,-0.4,83.396,81.012,-2.384,0.736
1435C,-8.876,42.8,26,4,30,75.68,75.216,-0.464,81.289,73.82,-7.469,0.73
1442U,-8.892,42.644,26,5,31,68.265,67.51,-0.755,75.893,71.828,-4.065,2.157
1446X,-7.768,42.81,26,5,31,83.225,82.37,-0.855,84.753,82.844,-1.909,6.438
1455I,-7.954,42.711,26,5,31,80.07,80.05,-0.02,82.549,81.734,-0.815,2.332
1465U,-8.193,42.666,26,5,31,81.71,79.12,-2.59,83.697,79.23,-4.467,1.73
1466A,-8.258,42.701,26,5,31,78.75,78.27,-0.48,82.178,77.84,-4.338,2.043
1468X,-8.502,42.694,26,5,31,80.72,77.81,-2.91,82.941,78.326,-4.615,1.294
1473A,-8.627,42.738,26,5,31,77.88,77.16,-0.72,80.441,76.412,-4.029,1.553
1475X,-8.556,42.876,26,5,31,74.16,73.71,-0.45,79.316,75.494,-3.822,2.435
1476R,-8.715,42.75,26,5,31,78.525,76.71,-1.815,82.127,77.716,-4.411,1.021
1477V,-8.775,42.585,26,5,31,65.25,65.17,-0.08,73.84,68.268,-5.572,0.876
1489A,-8.451,42.407,26,5,31,80.655,79.45,-1.205,82.628,79.026,-3.602,0.114
1495,-8.624,42.239,26,5,31,75.745,74.83,-0.915,80.915,76.062,-4.853,1.592
1496X,-8.724,42.231,26,5,31,65.74,60.77,-4.97,73.777,63.978,-9.799,0.858
1505,-7.458,43.111,26,5,31,80.735,78.99,-1.745,82.262,78.87,-3.392,0.885
1518A,-7.553,42.998,26,5,31,79.855,79.79,-0.065,82.318,81.866,-0.452,0.486
1521I,-7.499,42.845,26,5,31,79.255,77.84,-1.415,81.235,77.89,-3.345,1.065
1521X,-7.185,42.864,26,5,31,71.725,72.18,0.455,77.753,80.762,3.009,0.265
1541B,-6.334,42.929,26,4,30,74.045,74.009,-0.036,75.962,76.45,0.488,2.962
1542,-6.414,42.994,26,5,31,54.91,55.35,0.44,63,72.008,9.008,7.517
1549,-6.6,42.564,26,5,31,76.8,76.92,0.12,80.118,79.424,-0.694,0.498
1561I,-6.674,42.766,26,5,31,75.64,75.91,0.27,78.513,78.79,0.277,0.241
1583X,-6.993,42.416,26,5,31,77.165,77.2,0.035,80.673,78.996,-1.677,1.167
1639X,-7.384,42.26,26,5,31,76.755,76.65,-0.105,79.308,79.674,0.366,2.418
1658,-7.192,42.589,26,4,30,79.95,78.468,-1.482,82.433,78.685,-3.748,3.016
1679A,-7.511,42.532,26,5,31,76.365,75.35,-1.015,78.874,76.06,-2.814,0.356
1690A,-7.86,42.325,26,5,31,69.58,67.99,-1.59,74.677,70.85,-3.827,1.94
1696O,-8.278,42.468,26,5,31,78.945,78.49,-0.455,80.996,78.808,-2.188,0.22
1700X,-8.093,42.421,26,5,31,78.62,76.9,-1.72,81.322,77.144,-4.178,1.132
1701X,-8.129,42.3,26,5,31,74.91,73.73,-1.18,78.223,72.996,-5.227,0.128
1706A,-7.796,42.183,26,5,31,78.85,78.62,-0.23,80.712,77.458,-3.254,0.788
1719,-8.281,42.218,26,5,31,81.215,80.11,-1.105,83.522,80.858,-2.664,2.168
1723X,-8.493,42.182,26,5,31,73,70.81,-2.19,76.927,70.16,-6.767,1.718
1730E,-8.848,41.944,26,5,31,66.235,65.88,-0.355,73.802,65.688,-8.114,0.817
1738U,-7.989,41.934,26,5,31,80.17,79.93,-0.24,83.004,81.122,-1.882,3.768
1740,-4.124,43.377,26,5,31,75.045,73.5,-1.545,79.971,73.67,-6.301,1.386
2005Y,-2.783,41.968,26,4,30,69.58,69.596,0.016,73.986,75.112,1.126,0.129
2017Y,-2.494,41.996,26,5,31,67.035,67.29,0.255,71.635,74.968,3.333,2.813
2030,-2.483,41.775,26,5,31,75.095,75.22,0.125,78.087,78.422,0.335,2.016
2044B,-2.507,41.601,26,5,31,72.475,72.68,0.205,75.954,76.954,1,1.378
2048A,-2.42,41.419,26,5,31,71.665,72.2,0.535,74.767,75.976,1.209,0
2059B,-2.783,41.35,26,5,31,72.92,73.11,0.19,77.083,78.352,1.269,0.095
2106B,-3.382,41.746,26,5,31,74.34,74.45,0.11,78.298,78.184,-0.114,4.326
2117D,-3.743,41.666,26,4,30,73.865,73.989,0.124,76.579,77.158,0.578,3.232
2135A,-3.507,41.373,26,5,31,72.89,72.97,0.08,75.44,76.8,1.36,0.48
2140A,-3.786,41.464,26,5,31,72.9,73.09,0.19,77.845,79.24,1.395,1.51
2150H,-3.475,41.192,26,4,30,50.98,51.236,0.256,60.324,68.178,7.853,3.291
2166Y,-4.125,41.593,26,5,31,74.63,74.84,0.21,77.937,78.774,0.837,0.347
2182C,-3.79,41.134,26,5,31,72.785,73.08,0.295,76.715,78.274,1.559,2.118
2235U,-4.52,42.871,26,5,31,72.56,72.82,0.26,75.547,77.202,1.655,0.977
2243A,-4.277,42.797,26,5,31,71.705,72.06,0.355,75.329,77.952,2.623,0.154
2276B,-4.575,42.569,26,4,30,71.795,71.879,0.084,75.293,77.53,2.237,3.284
2290Y,-4.199,42.251,26,5,31,74.675,74.72,0.045,77.625,78.54,0.915,4.884
2296A,-1.977,41.776,26,5,31,74.055,74.2,0.145,77.557,78.806,1.249,1.665
2298,-3.132,41.96,26,4,30,71.975,72.179,0.204,75.322,75.32,-0.002,0.241
2302N,-3.111,42.146,26,4,30,66.51,66.79,0.28,71.728,74.028,2.299,5.898
2311Y,-3.768,42.105,26,5,31,73.86,74.06,0.2,77.88,78.852,0.972,5.689
2331,-3.62,42.357,26,5,31,73.68,74.03,0.35,77.188,78.65,1.462,0.574
2362C,-4.714,42.894,26,5,31,63.78,64.94,1.16,69.186,74.374,5.188,0.159
2374X,-4.617,42.351,26,4,30,73.97,73.978,0.008,77.335,79.042,1.707,0.881
2400E,-4.603,41.996,26,5,31,72.43,72.55,0.12,76.58,78.042,1.462,0.662
2401X,-4.561,42.009,26,5,31,74.985,75.14,0.155,77.82,79.09,1.27,4.728
2422,-4.754,41.641,26,5,31,76.59,77.07,0.48,79.585,80.862,1.277,0.775
2430Y,-5.044,40.543,26,4,30,74.52,74.832,0.312,77.501,79.342,1.841,2.168
2444,-4.68,40.659,26,5,31,72.815,73.33,0.515,76.771,78.564,1.793,0.423
2453E,-4.742,40.829,26,5,31,73.82,73.9,0.08,77.168,78.622,1.454,3.864
2456B,-4.73,41.071,26,5,31,74.585,74.65,0.065,77.588,78.29,0.702,0.113
2462,-4.011,40.793,26,5,31,48.47,48.51,0.04,56.42,65.718,9.298,0.312
2465,-4.126,40.945,26,5,31,74.775,75.51,0.735,78.132,79.414,1.282,0.359
2471Y,-4.212,40.719,26,5,31,70.505,70.93,0.425,74.985,78.25,3.265,1.469
2482B,-4.376,41.126,26,5,31,75.81,76.17,0.36,78.927,79.318,0.391,0.114
2491C,-5.69,40.355,26,3,29,50.245,50.668,0.423,59.924,67.37,7.446,0.41
2503B,-4.692,41.28,26,5,31,74.025,74.9,0.875,78.244,78.702,0.458,1.503
2507Y,-4.965,41.424,26,5,31,74.925,75.15,0.225,78.735,79.5,0.765,0.145
2512Y,-5.019,40.882,26,4,30,74.84,74.928,0.088,78.385,79.553,1.168,0.202
2517A,-4.94,41.173,26,5,31,74.88,75.12,0.24,77.382,76.98,-0.402,4.891
2536D,-5.272,41.549,26,5,31,75.64,75.69,0.05,78.43,77.954,-0.476,3.043
2539,-4.856,41.712,26,5,31,73.435,73.53,0.095,77.23,78.792,1.562,0.312
2555B,-5.481,41.237,26,5,31,76.72,76.73,0.01,79.939,79.4,-0.539,1.767
2568D,-4.851,42.524,26,5,31,71.535,71.76,0.225,75.554,78.596,3.042,0.476
2593D,-5.041,42.094,26,5,31,74.985,75.52,0.535,77.835,78.854,1.019,4.643
2604B,-5.04,41.876,26,5,31,73.31,73.44,0.13,77.675,78.242,0.567,1.901
2611D,-5.592,41.856,26,5,31,75.475,75.66,0.185,78.762,79.17,0.408,4.348
2624C,-5.008,42.958,26,5,31,70.715,70.78,0.065,74.493,76.85,2.357,0.072
2626Y,-5.193,42.62,26,5,31,72.51,72.79,0.28,75.293,77.646,2.353,1.655
2630X,-5.377,43.062,26,4,30,56.705,57.101,0.396,63.826,69.85,6.024,3.541
2661,-5.651,42.588,26,5,31,74.15,74.25,0.1,77.326,79.79,2.464,0.605
2664B,-5.505,42.296,26,5,31,76.2,76.32,0.12,78.769,80.16,1.391,2.3
2701D,-5.871,42.886,26,5,31,73.915,74.14,0.225,76.763,78.138,1.375,2.231
2728B,-6.071,42.648,26,5,31,73.925,74.47,0.545,77.777,79.128,1.351,2.924
2734D,-6.074,42.477,26,3,29,76,76.042,0.042,78.361,78.667,0.306,3.63
2737E,-6.197,42.377,26,4,30,77.335,77.292,-0.043,79.792,78.14,-1.652,3.294
2742R,-5.78,42.466,26,5,31,75.205,75.21,0.005,77.933,79.168,1.235,1.397
2755X,-5.667,42.011,26,5,31,76.315,76.33,0.015,79.462,79.336,-0.126,0.816
2775X,-6.28,41.941,26,5,31,73.74,73.95,0.21,77.147,79.71,2.563,0.698
2777K,-6.007,42.078,26,5,31,75.675,75.85,0.175,78.459,78.25,-0.209,0.133
2789H,-5.909,41.786,26,3,29,77.44,77.482,0.042,80.167,81.247,1.08,0.006
2804F,-6.142,41.534,26,5,31,78.355,78.46,0.105,81.255,81,-0.255,0.023
2847X,-5.643,40.676,26,4,30,74.655,74.731,0.076,77.544,78.09,0.546,0.061
2863C,-5.366,40.732,26,4,30,74.34,74.372,0.032,77.384,77.688,0.303,4.154
2867,-5.498,40.959,26,5,31,73.34,73.35,0.01,76.492,75.93,-0.562,0.962
2873X,-5.78,40.904,26,5,31,73.41,73.47,0.06,77.504,78.992,1.488,0.312
2882D,-5.897,41.239,26,4,30,79.255,79.403,0.148,82.955,81.888,-1.068,0.362
2885K,-6.022,41.304,26,4,30,75.515,75.535,0.02,78.15,79.232,1.083,1.598
2891A,-6.463,41.263,26,5,31,79.01,78.75,-0.26,81.727,79.632,-2.095,1.36
2914C,-6.203,40.786,26,5,31,77.41,77.45,0.04,80.005,80.654,0.649,1.191
2916A,-6.438,41.011,26,5,31,77.01,77.08,0.07,79.497,80.454,0.957,0.648
2918Y,-6.224,40.569,26,5,31,76.305,76.36,0.055,80.288,81.08,0.792,0.005
2926B,-6.609,40.851,26,4,30,77.565,77.633,0.068,80.244,81.24,0.996,1.829
2930Y,-6.813,40.297,26,5,31,74.615,75,0.385,77.307,79.676,2.369,0.019
2945A,-6.577,40.485,26,4,30,77.26,77.26,0,80.281,80.562,0.281,3.696
2946X,-6.6,40.635,26,5,31,77.125,77.18,0.055,79.064,78.696,-0.368,0.674
2966D,-6.301,41.683,26,5,31,76.855,77.28,0.425,80.074,80.512,0.438,5.042
2969U,-7.183,42.027,26,5,31,77.44,77.5,0.06,80.532,83.242,2.71,0.135
2978X,-7.422,41.927,26,5,31,75.81,76.05,0.24,77.897,77.86,-0.037,0.111
3013,-1.879,40.842,26,5,31,71.56,71.64,0.08,74.146,75.396,1.25,0.003
3021Y,-2.201,40.763,26,4,30,71.24,71.6,0.36,75.472,77.418,1.945,0.257
3040Y,-2.076,40.572,26,1,27,69.92,69.998,0.078,73.826,77.63,3.804,9.99
3085Y,-2.953,40.408,26,3,29,76.935,76.986,0.051,79.426,80.56,1.134,3.9
3099Y,-3.496,39.935,26,5,31,77.13,77.44,0.31,79.997,79.444,-0.553,0.241
3100B,-3.546,40.067,26,5,31,73.18,73.74,0.56,77.073,75.522,-1.551,1.107
3103,-3.302,41.004,26,5,31,76.66,76.76,0.1,78.598,79.756,1.158,0.611
3104Y,-3.888,40.89,26,5,31,73.065,73.16,0.095,75.343,76.088,0.745,2.385
3110C,-3.614,41.007,26,5,31,76.325,76.37,0.045,79.258,79.4,0.142,2.864
3111D,-3.58,41.136,26,4,30,66.405,66.617,0.212,71.37,74.202,2.832,5.914
3129,-3.556,40.467,26,5,31,76.61,76.65,0.04,79.179,78.148,-1.031,0.48
3130C,-2.618,41.086,26,5,31,72.9,73.25,0.35,75.45,76.8,1.35,0.578
3140Y,-2.76,40.985,26,5,31,75.15,75.28,0.13,77.921,79.284,1.363,4.746
3170Y,-3.29,40.528,26,5,31,74.79,74.95,0.16,78.168,76.878,-1.29,0.238
3175,-3.444,40.489,26,5,31,75.97,75.96,-0.01,78.917,77.288,-1.629,0.492
3182Y,-3.498,40.312,26,5,31,74.565,74.44,-0.125,78.365,76.424,-1.941,0.01
3195,-3.678,40.412,26,5,31,80.93,81.05,0.12,83.112,83.444,0.332,0.459
3196,-3.786,40.376,26,5,31,78.95,78.88,-0.07,81.239,80.658,-0.581,0.669
3200,-3.722,40.299,26,5,31,77.515,77.36,-0.155,80.736,79.088,-1.648,0.239
3209Y,-2.874,40.765,26,5,31,74.68,74.71,0.03,77.074,78.382,1.308,5.739
3229Y,-3.312,40.247,26,4,30,75.735,75.727,-0.008,78.582,77.905,-0.677,1.595
3245Y,-3.506,39.696,26,5,31,74.815,74.67,-0.145,77.656,75.64,-2.016,0.048
3254Y,-3.781,39.687,26,5,31,77.235,76.91,-0.325,80.291,77.06,-3.231,2.528
3260B,-4.045,39.885,26,5,31,74.69,74.29,-0.4,78.081,75.344,-2.737,0.49
3298X,-4.351,39.547,26,1,27,78.815,78.822,0.007,82.173,79.15,-3.023,0.372
3305Y,-4.477,39.631,26,5,31,77.85,77.13,-0.72,80.591,77.796,-2.795,0.149
3319D,-5.013,40.34,26,5,31,71.2,71.24,0.04,72.754,75.336,2.582,0.11
3330Y,-4.487,40.313,26,5,31,79.58,80.25,0.67,82.613,84.26,1.647,4.618
3337U,-4.456,40.468,26,5,31,79.04,79.27,0.23,81.018,81.642,0.624,0.478
3338,-4.25,40.428,26,3,29,78.775,78.796,0.021,81.52,82.463,0.943,0.888
3343Y,-4.061,40.497,26,4,30,79.755,79.807,0.052,82.145,83.682,1.537,0.199
3362Y,-4.681,40.108,26,5,31,78.44,78.3,-0.14,81.906,80.412,-1.494,0.682
3365A,-4.864,39.959,26,4,30,74.39,73.313,-1.077,77.868,74.475,-3.393,0.772
3386A,-5.384,39.592,26,5,31,81.35,81.3,-0.05,83.683,83.7,0.017,2.631
3391,-4.591,40.289,26,1,27,74.3,74.308,0.008,78.326,79.42,1.094,0.778
3422D,-5.311,40.139,26,5,31,74.8,73.3,-1.5,78.368,72.66,-5.708,0.894
3423I,-5.373,40.154,26,5,31,78.015,77.23,-0.785,81.037,78.156,-2.881,1.124
3427Y,-5.114,39.993,26,5,31,73,72.97,-0.03,77.196,74.834,-2.362,0.145
3434X,-5.582,39.946,26,5,31,74.015,73.36,-0.655,78.089,73.668,-4.421,0.332
3436D,-5.785,40.111,26,5,31,81.72,81.21,-0.51,83.867,82.132,-1.735,2.118
3448X,-6.127,39.821,26,4,30,78.32,77.887,-0.433,81.36,78.892,-2.468,0.657
3455X,-5.808,39.67,26,5,31,79.53,77.37,-2.16,82.38,77.972,-4.408,0.038
3469A,-6.339,39.471,26,5,31,74.975,74.88,-0.095,79.205,75.156,-4.049,0.35
3475X,-6.376,39.791,26,5,31,75.58,74.99,-0.59,79.552,75.094,-4.458,1.876
3494U,-6.24,40.408,26,5,31,76.65,76.03,-0.62,79.26,77.482,-1.778,0.924
3503,-6.168,40.189,26,5,31,76.72,75.95,-0.77,79.928,76.848,-3.08,0.838
3504X,-5.861,40.265,26,5,31,79.39,79.95,0.56,81.831,82.126,0.295,2.761
3512X,-6.339,40.081,26,5,31,77.19,76.66,-0.53,79.969,76.766,-3.203,1.141
3514B,-5.678,40.259,26,5,31,79.965,80.09,0.125,81.915,83.304,1.389,3.053
3516X,-5.832,40.121,26,5,31,75.02,75.36,0.34,78.818,81.816,2.998,1.322
3526X,-6.558,40.004,26,5,31,74.225,72.71,-1.515,78.111,73.434,-4.677,0.968
3531X,-6.412,40.255,26,5,31,76.655,75.09,-1.565,79.637,76.234,-3.403,3.055
3536X,-6.724,40.175,26,5,31,79.4,79.17,-0.23,82.37,80.126,-2.244,2.253
3540X,-6.86,39.871,26,5,31,76.505,75.9,-0.605,79.724,75.024,-4.7,1.682
3547X,-6.896,40.207,26,5,31,78.585,78.34,-0.245,81.303,78.156,-3.147,0.395
3562X,-6.736,39.427,26,5,31,73.78,72.5,-1.28,78.23,73.002,-5.228,0.201
3565X,-6.745,39.618,26,5,31,78.12,77.61,-0.51,81.458,79.448,-2.01,0.232
3576X,-7.231,39.415,26,5,31,76.455,75.91,-0.545,80.186,77.796,-2.39,1.172
4007Y,-2.745,38.966,26,5,31,76.01,75.9,-0.11,78.353,76.274,-2.079,3.452
4051Y,-2.807,40.061,26,5,31,78.01,77.93,-0.08,80.553,79.078,-1.475,1.196
4061X,-3.048,39.597,26,1,27,76.885,76.884,-0.001,80.189,76.94,-3.249,0.13
4064Y,-3.216,39.391,26,5,31,77.75,77.22,-0.53,80.367,77.244,-3.123,0.235
4067,-3.528,39.492,26,5,31,75.685,76.04,0.355,78.265,77.18,-1.085,0.482
4070Y,-2.395,40.019,26,5,31,74.645,74.81,0.165,77.593,78.282,0.689,0.48
4075Y,-2.503,39.84,26,5,31,76.815,76.93,0.115,79.675,79.808,0.133,0.173
4089A,-2.496,39.517,26,5,31,77.315,77.04,-0.275,80.23,78.42,-1.81,4.394
4090Y,-2.421,39.417,26,5,31,75.77,75.52,-0.25,78.893,77.818,-1.075,0.535
4091Y,-2.593,39.262,26,5,31,74.93,73.82,-1.11,77.688,75.674,-2.014,0.959
4093Y,-2.76,39.656,26,5,31,76.63,76.77,0.14,78.873,79.158,0.285,0.504
4095Y,-2.706,39.555,26,3,29,77.18,76.654,-0.526,80.173,77.33,-2.843,0.092
4103X,-3.007,39.169,26,4,30,75.655,74.869,-0.786,78.247,76.34,-1.907,0.252
4116I,-3.741,38.95,26,5,31,73.59,73.56,-0.03,77.362,76.908,-0.454,1.546
4138Y,-3.004,38.738,26,5,31,77.78,77.4,-0.38,80.657,78.25,-2.407,4.384
4147X,-3.391,38.751,26,5,31,77.19,76.19,-1,79.77,75.89,-3.88,0.871
4148,-3.567,38.518,26,5,31,76.22,75.78,-0.44,79.524,76.414,-3.11,0.956
4193Y,-4.284,39.218,26,4,30,74.26,73.929,-0.331,77.881,74.688,-3.194,1.833
4210Y,-4.292,38.898,26,5,31,79.36,77.42,-1.94,81.88,77.334,-4.546,0.068
4220X,-4.622,39.084,26,4,30,74.115,73.686,-0.429,77.255,73.328,-3.928,0.659
4236Y,-5.021,39.446,26,5,31,78.035,78.16,0.125,80.863,79.37,-1.493,3.065
4244X,-5.062,39.169,26,5,31,73.325,72.13,-1.195,77.312,72.598,-4.714,0.703
4245X,-5.333,39.455,26,5,31,76.655,76.66,0.005,79.81,79.286,-0.524,1.641
4260,-5.577,38.48,26,5,31,74.56,74.11,-0.45,79.172,75.134,-4.038,0.882
4263X,-5.351,38.409,26,5,31,73.935,73.64,-0.295,77.923,74.54,-3.383,0.88
4267X,-5.121,38.499,26,5,31,75.635,73.4,-2.235,78.55,72.642,-5.908,0.862
4300Y,-4.845,38.775,26,5,31,74.255,70.38,-3.875,77.648,70.832,-6.816,0.182
4339X,-5.369,39.314,26,5,31,79.18,78.9,-0.28,82.005,78.682,-3.323,3.32
4340,-5.461,39.103,26,5,31,72.66,70.58,-2.08,76.432,70.754,-5.678,2.826
4347X,-5.71,39.283,26,5,31,75.33,72.3,-3.03,79.412,73.306,-6.106,1.989
4358X,-5.881,38.956,26,5,31,69.955,67.64,-2.315,74.568,67.896,-6.672,1.318
4386B,-6.017,38.232,26,5,31,75.11,73.98,-1.13,80.038,73.958,-6.08,0.144
4395X,-6.307,38.552,26,5,31,74.105,71.28,-2.825,77.788,71.016,-6.772,0.063
4410X,-6.386,38.916,26,5,31,65.3,64.84,-0.46,69.493,67.072,-2.421,2.091
4411C,-6.231,39.198,26,5,31,76.22,74.12,-2.1,80.239,74.866,-5.373,0
4427X,-6.437,38.426,26,5,31,71.695,70.56,-1.135,75.793,70.438,-5.355,2.064
4436Y,-6.361,38.689,26,5,31,70.495,70.23,-0.265,75.458,72.608,-2.85,1.398
4452,-6.814,38.883,26,5,31,63.71,64.01,0.3,70.627,67.242,-3.385,2.023
4464X,-6.995,39.182,26,5,31,71.43,70.64,-0.79,75.718,71.582,-4.136,3.299
4468X,-6.601,39.177,26,5,31,75.22,74.94,-0.28,79.364,76.336,-3.028,0.59
4478X,-7.008,38.888,26,5,31,64.44,62.61,-1.83,70.501,65.186,-5.315,0.873
4486X,-7.084,38.697,26,5,31,69.765,65.41,-4.355,74.688,68.756,-5.932,2.492
4489X,-7.282,38.485,26,5,31,67.89,65.15,-2.74,73.68,66.364,-7.316,0.689
4497X,-7.158,38.372,26,5,31,68.15,64.9,-3.25,73.801,65.156,-8.645,0.138
4499X,-6.272,38.081,26,5,31,80.11,78.76,-1.35,82.742,78.324,-4.418,0.162
4501X,-6.311,38.209,26,5,31,76.91,74,-2.91,79.983,74.214,-5.769,0.156
4511C,-6.765,38.299,26,5,31,70.075,66.85,-3.225,74.742,67.854,-6.888,0.767
4520X,-6.662,38.178,26,5,31,75.875,75.43,-0.445,79.804,76.262,-3.542,0.095
4541X,-7.52,37.554,26,5,31,53.91,51.37,-2.54,61.708,53.174,-8.534,0.175
4549Y,-7.395,37.195,26,5,31,43.28,43.04,-0.24,55.875,43.198,-12.677,2.268
4554X,-7.084,37.218,26,5,31,58.97,55.64,-3.33,66.685,56.656,-10.029,0.001
4560Y,-6.675,37.869,26,5,31,68.055,66.45,-1.605,74.98,67.516,-7.464,0.156
4575X,-6.752,37.572,26,5,31,62.995,59.6,-3.395,69.281,59.748,-9.533,0.456
4584X,-6.942,37.732,26,5,31,57.48,54.6,-2.88,64.733,54.75,-9.983,0.002
4589X,-7.119,37.598,26,5,31,64.235,60.68,-3.555,70.592,59.546,-11.046,0.075
4622X,-6.637,37.451,26,5,31,62.515,58.24,-4.275,67.772,57.358,-10.414,1.251
4642E,-6.912,37.278,26,5,31,49.35,48.22,-1.13,59.405,49.098,-10.307,0.896
5000C,-5.347,35.889,26,5,31,23.635,21.1,-2.535,34.343,23.312,-11.031,0.331
5038Y,-3.004,37.916,26,4,30,74.85,71.68,-3.17,79.106,71.077,-8.029,0
5060X,-2.228,37.861,26,5,31,76.205,76.29,0.085,78.813,78.252,-0.561,0.209
5164B,-3.462,37.997,26,5,31,72.875,70.71,-2.165,77.58,70.242,-7.338,1.305
5165X,-3.564,37.781,26,5,31,79.815,76.87,-2.945,82.733,76.718,-6.015,0.441
5181D,-2.89,38.315,26,5,31,70.765,68.33,-2.435,74.425,68.662,-5.763,1.678
5192,-2.638,38.489,26,2,28,78.555,77.744,-0.811,82.075,74.71,-7.365,0.056
5210X,-2.998,38.175,26,5,31,74.11,72.68,-1.43,77.447,71.56,-5.887,0.806
5246,-3.535,38.344,26,3,29,78.83,78.68,-0.15,81.868,79.113,-2.755,0.232
5270B,-3.809,37.777,26,5,31,70.3,67.55,-2.75,75.757,68.642,-7.115,1.796
5279X,-3.629,38.151,26,5,31,73.34,69.85,-3.49,78.795,69.082,-9.713,0.671
5281X,-3.782,38.093,26,5,31,68.075,63.75,-4.325,73.173,65.026,-8.147,0.71
5298X,-4.063,38.023,26,5,31,64.47,62,-2.47,69.346,63.276,-6.07,1.225
5304Y,-4.059,38.669,26,5,31,75.88,73.71,-2.17,78.285,74.232,-4.053,0.962
5341C,-4.302,38.429,26,5,31,76.56,75.07,-1.49,79.3,74.778,-4.522,0.087
5346X,-4.272,38.187,26,5,31,75.36,74.13,-1.23,79.864,73.534,-6.33,0.607
5361X,-4.33,38.013,26,5,31,63.11,59.56,-3.55,68.764,61.358,-7.406,0.869
5390Y,-4.609,38.333,26,5,31,77.43,75.74,-1.69,80.502,75.676,-4.826,0.244
5394X,-4.797,38.021,26,5,31,72.12,70.92,-1.2,76.943,71.808,-5.135,0.779
5402,-4.847,37.849,26,5,31,61.895,61.61,-0.285,68.829,62.448,-6.381,1.449
5406X,-3.908,37.498,26,5,31,77.165,74.99,-2.175,80.992,74.906,-6.086,0.725
5412X,-4.208,37.485,26,5,31,73.43,71.14,-2.29,76.907,71.45,-5.457,0.662
5427X,-4.354,37.556,26,5,31,67.855,61.5,-6.355,74.168,61.744,-12.424,4.453
5429X,-4.462,37.81,26,5,31,67.475,66.45,-1.025,73.28,64.224,-9.056,0.949
5470,-5.101,37.753,26,5,31,62.335,59.03,-3.305,68.487,60.612,-7.875,0.197
5473X,-5.686,38.268,26,5,31,75.43,74.02,-1.41,79.521,75.174,-4.347,0.736
5514,-3.631,37.137,26,5,31,72.815,70.22,-2.595,75.3,70.784,-4.516,1.162
5530E,-3.789,37.19,26,5,31,68.895,67.5,-1.395,72.502,68.538,-3.964,1.434
5582A,-4.153,37.161,26,4,30,73.04,69.362,-3.678,76.261,67.84,-8.421,1.649
5598X,-4.548,37.231,26,5,31,70.7,65.51,-5.19,76.57,65.476,-11.094,0.656
5612B,-4.77,37.194,26,5,31,69.145,62.64,-6.505,73.529,63.526,-10.003,0.155
5612X,-4.827,37.27,26,5,31,70.3,64.27,-6.03,74.992,65.214,-9.778,0.493
5624X,-4.686,37.482,26,5,31,67.425,63.64,-3.785,72.958,63.712,-9.246,0.521
5625X,-4.764,37.639,26,5,31,67.72,61.13,-6.59,72.395,60.508,-11.887,0.511
5641X,-5.085,37.516,26,5,31,58.905,55.22,-3.685,66.689,54.236,-12.453,2.011
5654X,-5.371,37.787,26,5,31,66.5,65.87,-0.63,71.24,66.996,-4.244,0.759
5656,-5.433,37.497,26,5,31,61.625,57.69,-3.935,67.531,58.098,-9.433,0.855
5702X,-5.741,37.566,26,5,31,54.255,53.97,-0.285,62.933,57.242,-5.691,0.642
5704B,-5.77,37.926,26,5,31,72.77,71.29,-1.48,76.811,72.56,-4.251,1.961
5726X,-5.819,38.099,26,5,31,77.32,76.25,-1.07,81.402,76.856,-4.546,2.043
5733X,-6.075,37.791,26,5,31,69.135,67.39,-1.745,75.177,67.666,-7.511,0.625
5769X,-6.322,37.974,26,5,31,75.27,75.33,0.06,79.38,76.772,-2.608,0.459
5783,-5.879,37.417,26,5,31,51.445,51.36,-0.085,60.196,54.594,-5.602,1.705
5796,-5.611,37.164,26,5,31,59.105,54.7,-4.405,65.365,52.96,-12.405,0.757
5835X,-6.334,37.36,26,5,31,59.82,55.39,-4.43,65.586,55.9,-9.686,0.102
5858X,-6.443,36.989,26,5,31,53.995,52.95,-1.045,62.698,53.54,-9.158,0.018
5860E,-6.738,37.098,26,4,30,51.89,48.72,-3.17,60.672,48.858,-11.814,3.561
5891X,-5.847,36.953,26,5,31,52.95,51.69,-1.26,62.667,52.458,-10.209,0.595
5906X,-6.401,36.75,26,5,31,46.475,44.94,-1.535,58.519,46.018,-12.501,0.224
5910,-6.332,36.639,26,5,31,46.925,45.2,-1.725,57.338,46.712,-10.626,1.279
5919X,-5.259,36.932,26,4,30,66.97,60.161,-6.809,71.807,60.758,-11.05,0.282
5941X,-5.512,36.729,26,5,31,61.38,56.83,-4.55,67.729,58.082,-9.647,0.307
5950X,-5.783,36.664,26,5,31,41.7,41.17,-0.53,54.403,46.652,-7.751,0.085
5960,-6.056,36.751,26,5,31,52.685,51.44,-1.245,60.698,51.872,-8.826,1.437
5972X,-6.206,36.466,26,5,31,35.77,33.19,-2.58,47.647,36.18,-11.467,3.315
5973,-6.258,36.5,26,5,31,31.095,29.11,-1.985,44.103,28.996,-15.107,1.49
5983X,-5.92,36.406,26,5,31,49.885,49.15,-0.735,60.169,50.394,-9.775,0.2
5995B,-5.965,36.246,26,4,30,33.65,34.058,0.408,46.295,40.2,-6.095,7.008
5996B,-5.91,36.185,26,5,31,43.625,39.11,-4.515,50.91,39.05,-11.86,0.092
5998X,-5.112,37.243,26,5,31,54.74,47.89,-6.85,63.307,49.962,-13.345,0.255
6000A,-2.956,35.276,26,5,31,26.655,25.84,-0.815,38.653,26.352,-12.301,1.126
6001,-5.599,36.014,26,5,31,28.625,28.16,-0.465,42.695,38.85,-3.845,8.565
6032X,-5.169,36.75,26,3,29,72.84,71.036,-1.804,77.228,70.003,-7.224,0.001
6040X,-5.386,36.544,26,5,31,63.525,61.53,-1.995,70.195,64.54,-5.655,0.002
6042I,-5.395,36.436,26,5,31,55.75,53.11,-2.64,62.202,53.68,-8.522,0.276
6045X,-5.203,36.633,26,5,31,67.755,62.43,-5.325,74.653,62.1,-12.553,0.543
6050X,-5.319,36.519,26,4,30,71.105,70.69,-0.415,77.182,70.732,-6.45,0.306
6056X,-5.284,36.273,26,5,31,37.285,36.39,-0.895,48.138,39.23,-8.908,0.357
6057X,-5.26,36.378,26,5,31,31.65,31.16,-0.49,45.142,38.138,-7.004,0.038
6058I,-5.155,36.417,26,5,31,25.65,24.15,-1.5,36.592,27.942,-8.65,0.541
6069X,-5.025,36.544,26,4,30,56.14,50.253,-5.887,64.009,51.19,-12.819,0.76
6076X,-4.953,36.484,26,5,31,29.63,26.11,-3.52,39.078,29.166,-9.912,0.685
6083X,-4.74,36.484,26,5,31,29.92,15.07,-14.85,38.776,14.868,-23.908,3.037
6084X,-4.618,36.539,26,2,28,23.12,20.117,-3.003,35.542,21.585,-13.957,4.131
6088X,-4.515,36.621,26,4,30,36.18,27.178,-9.002,44.34,30.672,-13.667,0.002
6100B,-4.562,37.024,26,2,28,70.91,68.294,-2.616,73.79,66.62,-7.17,0.39
6106X,-4.748,37.029,26,4,30,72.225,68.211,-4.014,75.731,69.575,-6.156,1.793
6127X,-4.697,36.855,26,5,31,46.735,42.92,-3.815,58.547,45.36,-13.187,0.001
6143X,-4.761,36.658,26,5,31,44.875,39.93,-4.945,54.417,40.15,-14.267,0.475
6155A,-4.482,36.666,26,5,31,42.495,41.51,-0.985,51.277,42.288,-8.989,1.798
6156X,-4.482,36.718,26,5,31,36.72,33.2,-3.52,46.127,37.302,-8.825,0.703
6172X,-4.42,36.717,26,5,31,27.145,24.13,-3.015,39.951,27.524,-12.427,0.199
6175X,-4.286,36.715,26,4,30,16.6,16.1,-0.5,28.233,18.102,-10.131,0.709
6201X,-4.044,36.756,26,5,31,44.185,43.24,-0.945,53.1,42.49,-10.61,1.552
6205X,-3.957,36.726,26,2,28,31.15,29.251,-1.899,41.469,32.165,-9.304,4.925
6213X,-3.845,36.763,26,5,31,33.21,26.16,-7.05,43.863,32.364,-11.499,0.062
6258X,-3.493,36.923,26,5,31,71.835,70.38,-1.455,76.709,70.126,-6.583,3.58
6267X,-3.579,36.748,26,4,30,41.635,42.007,0.372,51.767,48.405,-3.362,1.519
6272X,-3.38,36.734,26,5,31,34.645,34.19,-0.455,46.577,39.75,-6.827,0.011
6277B,-3.021,36.747,26,1,27,20.585,20.684,0.099,32.716,27.14,-5.576,1.115
6281X,-3.071,37.005,26,4,30,68.27,66.844,-1.426,75.179,65.685,-9.494,0.904
6291B,-2.813,36.775,26,5,31,27.085,23.16,-3.925,38.467,26.926,-11.541,0.193
6293X,-2.702,36.687,26,3,29,50.49,48.508,-1.982,60.413,47.497,-12.916,0.651
6302A,-2.78,37.141,26,5,31,67.635,65.43,-2.205,72.982,65.62,-7.362,0.464
6307X,-2.913,37.033,26,3,29,76.49,76.378,-0.112,79.619,75,-4.619,4.302
6325O,-2.357,36.846,26,5,31,40.835,39.26,-1.575,51.458,40.14,-11.318,1.317
6329X,-2.193,36.722,26,5,31,18.6,12.05,-6.55,27.344,16.886,-10.458,0.092
6340X,-1.817,37.179,26,5,31,35.555,37.05,1.495,47.662,44.53,-3.132,0.229
6364X,-2.151,37.407,26,5,31,53.195,52.51,-0.685,62.616,54.64,-7.976,0.017
6367B,-1.944,37.391,26,5,31,55.33,51.5,-3.83,62.142,55.246,-6.896,1.719
6375X,-4.742,37.133,26,5,31,72.715,66.27,-6.445,75.612,67.828,-7.784,0.21
7002Y,-1.587,37.417,26,5,31,41.57,37.18,-4.39,51.113,39.326,-11.787,0.004
7012C,-0.988,37.601,26,5,31,41.79,39.88,-1.91,53.434,45.378,-8.056,4.377
7023X,-1.167,37.726,26,5,31,51.4,47.31,-4.09,61.757,50.412,-11.345,0
7031,-0.803,37.789,26,5,31,54.265,52.15,-2.115,62.717,55.756,-6.961,0.804
7031X,-0.806,37.778,26,5,31,48.03,46.97,-1.06,57.15,51.508,-5.642,0.134
7066Y,-2.22,38.392,26,5,31,71.5,69.56,-1.94,74.717,69.434,-5.283,0.475
7072Y,-2.294,38.295,26,5,31,76.995,74.68,-2.315,79.959,74.426,-5.533,0.008
7080X,-1.986,38.268,26,5,31,78.67,76.86,-1.81,81.366,76.166,-5.2,0.003
7096B,-1.703,38.542,26,5,31,72.6,71.17,-1.43,77.397,71.688,-5.709,1.506
7103Y,-1.689,38.588,26,5,31,72.2,69,-3.2,76.68,70.174,-6.506,2.432
7121A,-1.702,38.234,26,5,31,67.325,63.51,-3.815,73.112,63.146,-9.966,0.008
7127X,-1.695,38.049,26,5,31,69.935,67.8,-2.135,77.132,67.538,-9.594,1.079
7138B,-1.335,38.459,26,5,31,72.7,70.13,-2.57,76.281,68.388,-7.893,4.088
7158X,-1.306,38.128,26,5,31,48.245,44.24,-4.005,57.829,46.228,-11.601,0.078
7172X,-1.449,38.041,26,5,31,60.225,58.26,-1.965,66.296,56.77,-9.526,0.877
7178I,-1.171,38.002,26,5,31,50.065,46.12,-3.945,57.425,46.196,-11.229,1.969
7195X,-2.058,37.926,26,5,31,76.89,75.71,-1.18,78.747,75.62,-3.127,0.009
7203A,-1.87,37.845,26,5,31,69.875,66.71,-3.165,74.225,65.644,-8.581,0.333
7209,-1.687,37.655,26,4,30,62.315,56.713,-5.602,67.679,52.285,-15.394,2.688
7211B,-1.797,37.568,26,5,31,57.225,53.78,-3.445,65.901,54.29,-11.611,2.097
7228,-1.229,37.958,26,5,31,54.57,50.84,-3.73,62.547,50.77,-11.777,1.166
7237E,-1.159,38.139,26,5,31,56.115,53.07,-3.045,63.958,52.684,-11.274,0.924
7244X,-0.981,38.068,26,5,31,55.09,48.68,-6.41,61.691,52.656,-9.035,0.438
7247X,-1.038,38.4,26,5,31,73.555,68.6,-4.955,77.936,66.088,-11.848,2.159
7250C,-1.034,38.194,26,5,31,52.41,49.43,-2.98,59.258,52.748,-6.51,2.197
7261X,-0.715,38.088,26,5,31,48.955,46.91,-2.045,58.535,46.81,-11.725,1.411
7275C,-1.16,38.602,26,5,31,72.16,71.06,-1.1,76.805,70.906,-5.899,0.408
8008Y,-0.866,38.577,26,5,31,71.21,68.47,-2.74,74.52,68.244,-6.276,0.218
8013X,-0.758,38.387,26,5,31,53.26,47.41,-5.85,61.809,48.392,-13.417,1.324
8018X,-0.681,38.288,26,4,30,46.9,44.2,-2.7,58.407,43.198,-15.209,0.782
8019,-0.571,38.283,26,5,31,48.76,47.85,-0.91,58.327,51.008,-7.319,2.18
8025,-0.494,38.373,26,5,31,47.3,44.64,-2.66,57.519,47.658,-9.861,0.286
8036Y,-0.138,38.544,26,5,31,53.42,49.07,-4.35,61.262,51.78,-9.482,3.93
8050X,0.168,38.784,26,5,31,52.04,50.87,-1.17,60.906,53.268,-7.638,2.368
8057C,-0.118,38.847,26,5,31,41.71,41.26,-0.45,52.709,44.272,-8.437,0
8059C,-0.461,38.711,26,5,31,66.815,65.17,-1.645,73.188,63.608,-9.58,0.325
8072Y,-0.305,39.017,26,5,31,62.81,62.51,-0.3,71.622,64.668,-6.954,1.662
8096,-2.132,40.067,26,5,31,75.745,75.75,0.005,78.175,77.448,-0.727,0.72
8155Y,-1.915,39.556,26,5,31,75.54,75.82,0.28,78.118,77.828,-0.29,0.56
8175,-1.856,38.954,26,5,31,75.885,75.14,-0.745,78.927,75.002,-3.925,0.693
8177A,-1.66,38.936,26,4,30,77.995,76.886,-1.109,80.674,77.95,-2.724,1.309
8178D,-1.863,39.006,26,5,31,76.98,76.04,-0.94,79.902,75.818,-4.084,1.464
8193E,-1.094,39.208,26,5,31,70.76,70.14,-0.62,74.912,68.386,-6.526,0.374
8198Y,-1.063,38.851,26,5,31,75.09,74.38,-0.71,78.07,74.072,-3.998,0.045
8210Y,-1.504,40.103,26,3,29,71.065,71.134,0.069,74.242,75.433,1.191,4.198
8245Y,-1.443,39.714,26,4,30,72.825,72.837,0.012,75.141,74.537,-0.603,3.872
8270X,-0.79,39.134,26,4,30,63.92,61.593,-2.327,69.832,59.355,-10.477,0.131
8283X,-0.608,38.829,26,5,31,64.71,62.98,-1.73,69.879,63.134,-6.745,1.164
8293X,-0.524,39.002,26,5,31,53.13,50.55,-2.58,60.99,52.848,-8.142,1.213
8309X,-1.245,39.576,26,5,31,75.69,75.65,-0.04,77.8,77.07,-0.73,0.78
8337X,-0.62,39.389,26,5,31,57.785,55.56,-2.225,66.904,59.184,-7.72,1.586
8354X,-1.441,40.42,26,5,31,71.37,71.38,0.01,74.341,75.28,0.939,2.005
8376,-1.412,40.236,26,5,31,67.9,68.5,0.6,73.039,76.726,3.687,2.357
8381X,-1.284,40.061,26,5,31,72.06,71.41,-0.65,74.393,72.986,-1.407,0.012
8395X,-0.993,39.753,26,5,31,69.455,66.9,-2.555,74.701,64.548,-10.153,0.283
8409X,-0.654,39.664,26,5,31,59.615,58.82,-0.795,67.622,58.626,-8.996,1.026
8414A,-0.475,39.485,26,5,31,55.17,53.46,-1.71,63.533,54.602,-8.931,1.668
8416,-0.366,39.481,26,5,31,44.98,42.15,-2.83,55.04,47.218,-7.822,0.338
8416X,-0.337,39.48,26,4,30,51.515,48.674,-2.841,60.922,50.32,-10.602,0.8
8416Y,-0.366,39.481,26,5,31,45.47,42.06,-3.41,55.203,46.758,-8.445,0.646
8439X,-0.485,39.796,26,5,31,70.97,69.32,-1.65,75.473,69.876,-5.597,0.724
8446Y,-0.259,39.701,26,5,31,54.895,51.47,-3.425,62.677,54.038,-8.639,0.618
8458X,-0.849,40.431,26,5,31,68.325,68.52,0.195,71.827,73.604,1.777,2.726
8472A,-0.547,40.088,26,5,31,75.01,73.46,-1.55,79.187,73.242,-5.945,0.452
8486X,-0.454,40.363,26,5,31,69.39,69.97,0.58,73.772,74.662,0.89,0.019
8489X,-0.256,40.433,26,5,31,75.19,75.18,-0.01,77.394,76.664,-0.73,0.017
8492X,-0.17,40.227,26,5,31,67.4,67.27,-0.13,71.699,68.03,-3.669,2.451
8503Y,0.184,40.211,26,5,31,57.42,55.3,-2.12,64.673,54.976,-9.697,0.298
8520X,0.165,40.694,26,5,31,70.9,70.91,0.01,75.448,78.754,3.306,0.691
9001D,-4.161,42.992,26,5,31,71.665,71.69,0.025,76.352,77.462,1.11,0.511
9001S,-4.374,43.037,26,5,31,57.945,58.1,0.155,64.704,70.568,5.864,0.258
9012E,-3.957,42.951,26,5,31,71.41,71.48,0.07,77.406,78.798,1.392,4.281
9016X,-4.032,42.81,26,5,31,73.72,73.72,0,77.198,78.206,1.008,1.105
9019B,-3.934,42.806,26,5,31,75.745,75.79,0.045,78.358,78.27,-0.088,1.241
9031C,-3.309,42.559,26,5,31,75.41,75.88,0.47,79.166,80.178,1.012,4.474
9051,-3.483,42.92,26,4,30,76.77,76.496,-0.274,78.964,77.665,-1.299,0.314
9060X,-3.232,42.875,26,5,31,71.06,71.16,0.1,76.149,78.548,2.399,5.121
9073X,-2.36,42.83,26,5,31,76.115,76.38,0.265,79.939,80.708,0.769,0.013
9091O,-2.735,42.882,26,5,31,77.925,77.91,-0.015,80.312,79.302,-1.01,0.556
9091R,-2.733,42.872,26,5,31,77.145,77.03,-0.115,79.612,79.058,-0.554,1.411
9111,-3.17,42.421,26,4,30,72.74,73.58,0.84,77.401,80.32,2.919,1.182
9115X,-2.968,42.255,26,5,31,57.595,58.8,1.205,64.625,69.662,5.037,0.57
9121X,-2.855,42.575,26,5,31,78.91,78.49,-0.42,81.508,80.168,-1.34,0.749
9122I,-2.777,42.604,26,5,31,78.47,78.5,0.03,81.794,80.25,-1.544,0.058
9136X,-2.871,42.231,26,5,31,70.99,71.04,0.05,76.077,78.112,2.035,0.26
9141V,-2.727,42.414,26,5,31,78.37,78.07,-0.3,80.253,80.15,-0.103,1.525
9145X,-2.633,42.567,26,5,31,78.335,78.68,0.345,81.075,80.876,-0.199,0.226
9145Y,-2.639,42.483,26,5,31,79.53,79.96,0.43,82.278,82.068,-0.21,0.453
9170,-2.331,42.452,26,5,31,78.6,78.72,0.12,81.215,80.63,-0.585,0.719
9171K,-2.184,42.57,26,5,31,78.755,79.01,0.255,81.345,80.87,-0.475,0.935
9178X,-2.346,42.671,26,5,31,77.05,77.59,0.54,79.595,81.022,1.427,0.484
9188,-2.273,42.149,26,5,31,77.21,77.09,-0.12,79.404,78.542,-0.862,0.083
9207,-0.751,42.741,26,5,31,73.845,73.73,-0.115,76.168,76.194,0.026,0.442
9208E,-0.673,42.709,26,5,31,74.575,74.69,0.115,78.276,79.042,0.766,1.168
9211F,-0.817,42.514,26,5,31,77.14,77.34,0.2,80.049,80.108,0.059,1.512
9218A,-0.925,42.862,26,5,31,72.2,72.85,0.65,75.666,75.346,-0.32,1.786
9228J,-1.3,42.896,26,5,31,75.315,75.31,-0.005,78.581,78.528,-0.053,0.246
9228T,-1.326,43.008,26,5,31,68.58,68.76,0.18,74.6,76.602,2.002,0.582
9238X,-1.117,42.717,26,5,31,75.005,74.84,-0.165,77.021,76.32,-0.701,0.731
9244X,-1.214,42.491,26,5,31,79.2,79.06,-0.14,81.735,80.28,-1.455,1.079
9245X,-1.366,42.521,26,5,31,77.635,77.66,0.025,80.166,80.406,0.24,1.143
9252X,-1.656,42.489,26,5,31,78.355,78.72,0.365,80.99,81.456,0.466,1.377
9257X,-1.517,42.971,26,5,31,74.765,74.77,0.005,78.209,78.8,0.591,4.617
9262P,-1.496,42.701,26,5,31,76.295,76.52,0.225,80.301,80.662,0.361,1.624
9263D,-1.65,42.777,26,5,31,77.09,76.99,-0.1,79.762,79.004,-0.758,0.914
9263X,-1.532,42.776,26,5,31,76.75,77.51,0.76,80.688,79.658,-1.03,0.387
9274X,-1.835,42.919,26,5,31,78.525,78.36,-0.165,81.175,79.766,-1.409,1.767
9280B,-1.858,42.549,26,5,31,78.04,78.05,0.01,81.035,80.484,-0.551,1.044
9287A,-2.231,42.026,26,5,31,70.975,71.18,0.205,74.032,76.518,2.486,0.117
9294E,-1.475,42.199,26,5,31,76.74,76.82,0.08,79.596,79.884,0.288,1.523
9299X,-1.723,41.915,26,5,31,77.32,76.98,-0.34,80.839,78.676,-2.163,0.023
9301X,-1.691,41.959,26,5,31,77.59,77.31,-0.28,80.465,79.284,-1.181,0.679
9302Y,-1.609,42.056,26,5,31,77.845,77.61,-0.235,81.024,79.926,-1.098,0.735
9321X,-1.14,42.121,26,4,30,77.285,77.457,0.172,80.245,79.61,-0.635,0.07
9336D,-0.996,41.984,26,5,31,79.235,79.02,-0.215,81.747,80.306,-1.441,0.074
9344C,-2.293,41.216,26,5,31,76.52,76.5,-0.02,78.874,78.888,0.014,0.756
9352A,-2.14,41.575,26,5,31,72.92,72.99,0.07,76.149,78.13,1.981,0.292
9354X,-1.895,41.293,26,5,31,75.615,75.73,0.115,77.852,76.294,-1.558,0.746
9374X,-1.321,40.567,26,5,31,73.26,73.23,-0.03,75.896,76.01,0.114,2.508
9377Y,-1.568,40.779,26,5,31,73.71,73.99,0.28,76.294,76.85,0.556,0.203
9381I,-1.293,40.926,26,5,31,73.955,74.02,0.065,76.332,76.598,0.266,1.06
9390,-1.41,41.114,26,5,31,75.345,75.45,0.105,77.455,77.08,-0.375,0.818
9427X,-1.381,41.481,26,5,31,73.63,73.41,-0.22,78.318,73.642,-4.676,0.631
9434,-1.004,41.661,26,5,31,75.5,75.4,-0.1,79.086,77.108,-1.978,0.751
9434P,-0.935,41.621,26,5,31,75.255,74.89,-0.365,78.883,77.006,-1.877,0.636
9436X,-1.087,40.995,26,5,31,71.575,71.64,0.065,75.855,76.72,0.865,9.725
9460X,-0.356,42.513,26,5,31,73.305,73.35,0.045,76.038,75.046,-0.992,1.324
9491X,-0.586,42.029,26,5,31,77.11,77.04,-0.07,80.37,78.632,-1.738,0.016
9495Y,-0.617,41.797,26,5,31,74.97,74.8,-0.17,78.088,76.242,-1.846,1.252
9501X,-0.886,41.443,26,5,31,78.045,77.32,-0.725,80.587,78.844,-1.743,0.54
9510X,-0.504,41.429,26,5,31,74.45,74.81,0.36,78.524,76.816,-1.708,0.148
9513X,-0.806,41.031,26,5,31,77.545,77.5,-0.045,79.447,78.662,-0.785,0.116
9531Y,-0.793,40.829,26,5,31,74.26,74.62,0.36,77.114,76.586,-0.528,1.326
9546B,-0.442,41.172,26,5,31,73.125,72.12,-1.005,77.416,74.3,-3.116,0.603
9550C,-0.408,40.974,26,5,31,78.1,77.52,-0.58,80.92,79.674,-1.246,0.052
9561X,-0.315,40.798,26,5,31,77.135,76.69,-0.445,80.063,76.132,-3.931,0.781
9563X,-0.187,40.499,26,5,31,75.095,74.8,-0.295,78.167,78.412,0.245,1.411
9573X,-0.142,41.058,26,5,31,74.88,74.58,-0.3,78.553,75.498,-3.055,0.618
9585,1.939,42.333,26,5,31,60.58,61.07,0.49,66.197,70.206,4.009,1.828
9590,1.693,42.362,26,5,31,70.03,70.09,0.06,72.335,73.11,0.775,1.868
9619,1.463,42.355,26,4,30,71.585,71.44,-0.145,74.143,73.278,-0.866,0.578
9632X,1.569,42.23,26,5,31,72.03,72.26,0.23,75.398,76.172,0.774,2.48
9638D,1.312,42.154,26,4,30,73.55,73.427,-0.123,76.351,74.445,-1.906,0.267
9647X,1.396,41.806,26,5,31,72.31,72.42,0.11,75.692,75.07,-0.622,1.297
9650X,1.109,41.881,26,5,31,73.05,73.31,0.26,76.995,75.556,-1.439,1.257
9657X,1.126,42.625,26,5,31,72.76,73,0.24,74.677,75.052,0.375,2.085
9660,1.008,42.581,26,5,31,58.415,59.58,1.165,65.3,64.818,-0.482,11.16
9689X,0.991,42.466,26,5,31,73.79,73.99,0.2,76.31,76.888,0.578,6.582
9698U,0.865,42.205,26,3,29,76.065,76.068,0.003,79.166,78.973,-0.192,0.306
9718X,1.223,41.681,26,5,31,74.875,75.23,0.355,79.313,78.81,-0.503,0.476
9724X,0.756,41.873,26,5,31,72.71,72.87,0.16,76.812,77.17,0.358,0.912
9726E,1.309,41.557,26,5,31,71.215,71.25,0.035,75.532,76.77,1.238,3.181
9729X,0.867,41.617,26,5,31,74.025,74.19,0.165,78.167,76.654,-1.513,0.91
9744B,0.799,42.503,26,5,31,71.97,71.47,-0.5,73.938,73.046,-0.892,2.594
9756X,0.48,42.113,26,5,31,75.535,75.56,0.025,78.251,79.836,1.585,1.505
9771C,0.598,41.626,26,5,31,73.615,74.62,1.005,77.29,76.294,-0.996,0.525
9772X,0.914,41.366,26,5,31,76.46,76.59,0.13,80.32,80.122,-0.198,3.162
9775X,0.678,41.414,26,5,31,76.26,75.74,-0.52,79.558,77.452,-2.106,3.006
9784P,0.225,42.63,26,5,31,74.425,74.22,-0.205,76.318,76.584,0.266,0.988
9808X,0.138,42.422,26,5,31,76.16,76.23,0.07,78.578,77.692,-0.886,0.931
9838B,0.522,42.601,26,5,31,70.805,70.76,-0.045,73.798,72.87,-0.928,7.011
9843A,0.434,42.477,26,5,31,74.51,74.5,-0.01,76.889,76.45,-0.439,1.368
9855E,0.466,42.201,26,5,31,74.14,74.03,-0.11,77.034,76.238,-0.796,1.214
9866C,0.141,42.021,26,5,31,73.12,73.17,0.05,76.19,75.23,-0.96,0.802
9894Y,-0.161,41.799,26,5,31,75.41,75.2,-0.21,78.976,77.576,-1.4,0.511
9898,-0.326,42.084,26,5,31,77.64,77.46,-0.18,80.33,79.35,-0.98,0.966
9901X,-0.395,42.139,26,5,31,77.315,77.33,0.015,80.573,79.18,-1.393,0.679
9908X,-0.333,41.774,26,5,31,76.53,76.67,0.14,80.288,79.3,-0.988,1.189
9911X,0.188,41.619,26,5,31,73.69,73.88,0.19,77.807,76.382,-1.425,0.626
9918Y,0.377,41.781,26,5,31,73.195,73.26,0.065,76.42,75.818,-0.602,0.899
9924X,0.356,41.525,26,5,31,73.315,73.04,-0.275,77.442,75.134,-2.308,0.459
9935X,0.146,40.873,26,5,31,75.15,75.24,0.09,77.8,77.306,-0.494,3.561
9946X,0.312,40.953,26,4,30,77.55,76.903,-0.647,80.449,78.382,-2.066,0.762
9947X,0.353,41.177,26,5,31,75.255,75.29,0.035,79.934,78.12,-1.814,0.499
9975X,0.614,41.005,26,4,30,72.89,71.115,-1.775,76.618,72.768,-3.851,1.496
9981A,0.493,40.82,26,5,31,58.51,58.51,0,65.917,58.82,-7.097,1.675
9994X,0.69,42.776,26,5,31,71.63,71.15,-0.48,75.965,73.434,-2.531,2.139
9995Y,-1.301,43.091,26,5,31,73.59,71.32,-2.27,80.082,73.642,-6.44,1.297
9998X,-1.494,40.921,26,5,31,72,72.15,0.15,74.751,74.938,0.187,2.028
B013X,2.886,39.823,26,5,31,75.54,73.05,-2.49,78.503,74.046,-4.457,1.182
B087X,2.513,39.689,26,5,31,50.26,46.27,-3.99,59.825,48.686,-11.139,2.599
B158X,2.466,39.551,26,4,30,58.475,57.326,-1.149,66.178,57.955,-8.223,0.208
B236C,2.644,39.642,26,5,31,66.895,65.01,-1.885,72.092,64.526,-7.566,0.889
B248,2.713,39.735,26,5,31,76.955,77.1,0.145,81.876,80.922,-0.954,1.187
B301,2.785,39.38,26,5,31,50.155,48.68,-1.475,59.816,52.206,-7.61,0.168
B334X,2.892,39.496,26,5,31,62.64,60.25,-2.39,70.295,62.45,-7.845,0.101
B362X,3.064,39.406,26,5,31,64.84,62.41,-2.43,69.377,63.578,-5.799,3.042
B373X,3.012,39.351,26,5,31,64.33,62.81,-1.52,69.842,63.732,-6.11,1.081
B398A,2.937,39.136,26,4,30,38.15,38.158,0.008,52.838,47.21,-5.628,0.292
B410B,3.146,39.34,26,5,31,52.795,51.87,-0.925,62.517,56.862,-5.655,0
B434X,3.272,39.414,26,4,30,47.725,46.157,-1.568,57.992,50.778,-7.214,0.974
B496X,3.384,39.63,26,5,31,53.3,53.35,0.05,62.445,57.012,-5.433,0.226
B526X,3.351,39.689,26,5,31,63.75,59.64,-4.11,70.6,61.534,-9.066,0.224
B569X,3.478,39.717,26,5,31,28.065,28,-0.065,42.289,30.76,-11.529,5.016
B603X,3.279,39.723,26,4,30,51.315,46.856,-4.459,61.581,47.18,-14.401,0.46
B605X,3.105,39.797,26,5,31,62.605,59.18,-3.425,68.694,60.336,-8.358,0.165
B614E,3.218,39.557,26,5,31,62.78,61.75,-1.03,69.832,63.362,-6.47,0.507
B644B,3.002,39.643,26,5,31,66.715,64.64,-2.075,72.314,63.762,-8.552,0.041
B656A,2.8,39.652,26,5,31,65.025,63.7,-1.325,70.7,64.446,-6.254,0.782
B662X,2.874,39.678,26,5,31,65.765,63.9,-1.865,71.194,65.808,-5.386,1.129
B691Y,3.017,39.749,26,5,31,59.77,58.51,-1.26,65.222,61.212,-4.01,2.208
B760X,3.024,39.877,26,5,31,55.685,54.92,-0.765,62.758,58.62,-4.138,1.733
B780X,3.1,39.909,26,5,31,48.74,49.57,0.83,59.893,54.638,-5.255,4.111
B800X,4.316,39.875,26,3,29,45.205,44.076,-1.129,55.197,45.157,-10.04,0.711
B825B,4.086,39.991,26,5,31,56.81,55.22,-1.59,65.98,59.42,-6.56,0.203
B860X,3.854,39.993,26,5,31,56.07,54.71,-1.36,64.533,57.814,-6.719,0.078
B893,4.216,39.855,26,5,31,58.1,59.07,0.97,66.23,65.394,-0.836,1.526
B908X,1.493,39.056,26,5,31,64.39,61.91,-2.48,70.376,61.212,-9.164,0.524
B954,1.384,38.876,26,5,31,48.56,48.04,-0.52,59.53,54.31,-5.22,1.972
B957,1.441,38.922,26,5,31,50.54,49.88,-0.66,59.388,54.242,-5.146,2.678
B986,1.464,38.694,26,5,31,44.64,42.04,-2.6,54.371,44.304,-10.067,0.822
