situation,model,km2_both,km2_only_precoz,km2_none,pct_lost,pct_rescued_of_lost
presente_present,ACCESS-CM2,222879.060805127,6055.05343201951,741.78738704244,2.95931822668248,89.0862916053283
presente_present,CMCC-CM2-SR5,224968.318303273,4127.61432675765,579.968994158497,2.04966358578577,87.680111967819
presente_present,CNRM-ESM2-1,221852.216421837,7085.16762893718,738.517573414564,3.40640230299537,90.5604896629459
presente_present,EC-Earth3-Veg,225832.707242165,3496.88558369395,346.308798329727,1.67331198216527,90.9890376622747
presente_present,IITM-ESM,225132.975207943,4174.95580873277,367.970607513066,1.97797260579792,91.9001415872118
presente_present,KACE-1-0-G,226455.652633677,2895.74504039754,324.503950114471,1.40208396603193,89.9230167893671
presente_present,MIROC6,224751.504712967,4522.67750280419,401.719408417148,2.14406338514302,91.842261790439
presente_present,MPI-ESM1-2-HR,227107.93942242,2359.03864749674,208.923554271738,1.11808081893169,91.8642278251659
presente_present,MRI-ESM2-0,223792.182813917,5398.50883973753,485.209970534438,2.5617484327543,91.753345355537
presente_present,NorESM2-MM,224500.80966621,4645.01217308771,530.079784891492,2.25321503970714,89.7570943821744
presente_present,UKESM1-0-LL,223888.334495156,5169.38929969511,618.177829338112,2.5198843623147,89.3188654998569
historical_ref,ACCESS-CM2,225733.373499826,3547.8034660243,394.724658338813,1.71656150971126,89.9880318950781
historical_ref,CMCC-CM2-SR5,225627.687007195,3569.24778362806,478.966833365563,1.76257700018419,88.168442667171
historical_ref,CNRM-ESM2-1,223820.452248446,5416.82769772507,438.621678018255,2.54944003020587,92.5091713740148
historical_ref,EC-Earth3-Veg,226348.642620302,3012.27926797081,314.979735915659,1.44867571232212,90.5333568697916
historical_ref,IITM-ESM,225502.819761436,3823.54391949527,349.537943257267,1.8169437164465,91.6239854679794
historical_ref,KACE-1-0-G,226530.52387608,2926.35480373049,219.022944377836,1.36948531642428,93.036672796787
historical_ref,MIROC6,225534.20183176,3821.02912673137,320.670665697388,1.80328008430144,92.2575106413171
historical_ref,MPI-ESM1-2-HR,226944.422691668,2445.87706786547,285.60186465552,1.18927537160186,89.5440575706024
historical_ref,MRI-ESM2-0,224350.023930829,4898.08422651588,427.79346684393,2.31886656619046,91.9676438049395
historical_ref,NorESM2-MM,226622.169692415,2778.46558305942,275.266348713929,1.32958308215116,90.9859033188261
historical_ref,UKESM1-0-LL,225615.411107308,3697.99442775632,362.496089124791,1.76792187955581,91.0726034793642
ssp126_nearterm,ACCESS-CM2,219424.114973015,9017.7831729502,1234.003478224,4.46358829057689,87.9630398074792
ssp126_nearterm,CMCC-CM2-SR5,222371.033878922,6797.67157735583,507.196167910945,3.18051118711596,93.0567371566777
ssp126_nearterm,CNRM-ESM2-1,221787.251904528,7202.70416445655,685.94555520402,3.4346876027806,91.3046518785786
ssp126_nearterm,EC-Earth3-Veg,224534.981075926,4630.04086925187,510.879679010603,2.23833693996961,90.0624863929619
ssp126_nearterm,IITM-ESM,227749.850444729,1822.54593908952,103.50524037027,0.838595240440736,94.6260389404969
ssp126_nearterm,KACE-1-0-G,213202.355232587,14585.5958644018,1887.95052720044,7.17251843798455,88.5395015601324
ssp126_nearterm,MIROC6,226118.408599373,3267.57215519751,289.920869618367,1.5489187153108,91.8504163579246
ssp126_nearterm,MPI-ESM1-2-HR,221813.543948549,7121.11818641875,741.23948922091,3.42324014841774,90.5723000682413
ssp126_nearterm,MRI-ESM2-0,212982.337244109,14956.9349177528,1736.62946232712,7.26831341992295,89.5970122210725
ssp126_nearterm,NorESM2-MM,218158.308794201,10157.2431016511,1360.34972833622,5.01471540920875,88.1889406196545
ssp126_nearterm,UKESM1-0-LL,214431.79931616,13787.2250869689,1456.87722106027,6.63722323510136,90.4430107354179
ssp126_near,ACCESS-CM2,195604.905549766,18248.3786711535,15822.6174032696,14.8343800257166,53.5598625625521
ssp126_near,CMCC-CM2-SR5,206477.971803056,19583.7531015697,3614.17671956332,10.1002889972719,84.4202618620268
ssp126_near,CNRM-ESM2-1,223362.219781599,5398.64513039876,915.036712191133,2.74895267546213,85.5070823173475
ssp126_near,EC-Earth3-Veg,211538.53602978,15999.9022619731,2137.46333243538,7.89693888916831,88.2151389554924
ssp126_near,IITM-ESM,222640.851442349,6434.23714894254,600.813032897023,3.06303366269169,91.4597193002549
ssp126_near,KACE-1-0-G,206117.938803967,19553.1404490581,4004.82237116324,10.2570459737515,83.000132898904
ssp126_near,MIROC6,221340.73334371,7673.63954796999,661.528732508914,3.62910005861976,92.0634027982588
ssp126_near,MPI-ESM1-2-HR,212678.616642746,14898.696844761,2098.58813668193,7.40055219604844,87.6533920624788
ssp126_near,MRI-ESM2-0,212785.921799825,15246.0866139882,1643.8932103756,7.35383194532978,90.267050479218
ssp126_near,NorESM2-MM,220630.565298513,7872.60305864331,1172.73326703201,3.93830448110134,87.0349401635494
ssp126_near,UKESM1-0-LL,194986.344521571,22319.4917983831,12370.0653042347,15.1036991070048,64.3406652104498
ssp126_far,ACCESS-CM2,190652.571539336,21530.4670884322,17492.862996421,16.9906071158941,55.1733207842997
ssp126_far,CMCC-CM2-SR5,206306.617811687,20075.7946918303,3293.48912067171,10.174895862928,85.9067605704298
ssp126_far,CNRM-ESM2-1,214927.756774274,13343.1368045737,1405.00804534154,6.42128527443298,90.4733235288937
ssp126_far,EC-Earth3-Veg,208565.587005801,18652.3743656456,2457.94025274227,9.19134940544609,88.3566858326152
ssp126_far,IITM-ESM,224476.675548077,4712.88773925862,486.338336853098,2.26372294147735,90.6459474980782
ssp126_far,KACE-1-0-G,207162.921840608,19651.373445106,2861.60633847503,9.80206439786543,87.2890822717212
ssp126_far,MIROC6,216863.615151089,11334.6605522371,1477.62592086302,5.578420018163,88.4671176845339
ssp126_far,MPI-ESM1-2-HR,217665.579417412,10971.4147158253,1038.90749095142,5.22924787574312,91.3498782708325
ssp126_far,MRI-ESM2-0,223995.421491351,5137.29037737604,543.189755461495,2.47325909800163,90.4376083929694
ssp126_far,NorESM2-MM,208651.723256652,18609.7360866298,2414.44228090689,9.15384601469329,88.5158780585927
ssp126_far,UKESM1-0-LL,195779.323783231,21306.1873042694,12590.3905366883,14.7584390008934,62.8564553160433
ssp245_nearterm,ACCESS-CM2,211612.726931105,16014.9310099347,2048.24368314928,7.86463645743737,88.6606661456166
ssp245_nearterm,CMCC-CM2-SR5,225023.834969666,4172.81627693855,479.250377584538,2.02549184377868,89.6981188539383
ssp245_nearterm,CNRM-ESM2-1,223716.156390922,5364.43521197331,595.310021293618,2.59485004352728,90.0111498395832
ssp245_nearterm,EC-Earth3-Veg,226810.697110166,2549.85069173403,315.353822288977,1.24749897301427,88.9936714553688
ssp245_nearterm,IITM-ESM,223058.125749699,5923.13448402642,694.641390463276,2.88135404180024,89.5034010876526
ssp245_nearterm,KACE-1-0-G,210417.138061107,16025.1691100915,3233.59445298977,8.38519123116094,83.2097504993077
ssp245_nearterm,MIROC6,214984.137438663,13540.2064324684,1151.55775305786,6.39673735103735,92.1618824089736
ssp245_nearterm,MPI-ESM1-2-HR,226252.23982366,3036.94508407768,386.716716450928,1.49064911743794,88.7045876905476
ssp245_nearterm,MRI-ESM2-0,217372.82480384,11253.6936527559,1049.38316759315,5.35671210316187,91.4705631532961
ssp245_nearterm,NorESM2-MM,215705.471773951,12467.8050448274,1502.62480541024,6.08267116900101,89.2442478755607
ssp245_nearterm,UKESM1-0-LL,210188.809937013,16664.851595862,2822.24009131396,8.48460441403299,85.5173869111972
ssp245_near,ACCESS-CM2,191241.012777595,19096.2804897856,19338.6083568079,16.7344020747476,49.6847553430043
ssp245_near,CMCC-CM2-SR5,208932.890814556,17805.4441697799,2937.5666398527,9.03142674653507,85.838282268606
ssp245_near,CNRM-ESM2-1,215176.149772742,13094.2987179378,1405.45313350888,6.31313592279792,90.307053886797
ssp245_near,EC-Earth3-Veg,211689.248139568,16271.8022350219,1714.85124959904,7.83131941898369,90.4659793937473
ssp245_near,IITM-ESM,216073.497857147,12239.0080190694,1363.39574797243,5.92243403458974,89.9768028407164
ssp245_near,KACE-1-0-G,203916.980903001,18699.7052800689,7059.21544111914,11.2153345383777,72.5950651522734
ssp245_near,MIROC6,216411.977174036,11766.90466525,1497.01978490234,5.77506144804678,88.7135983733296
ssp245_near,MPI-ESM1-2-HR,212407.37704791,15817.2847654681,1451.23981081067,7.51864886745269,91.5960405047911
ssp245_near,MRI-ESM2-0,212953.772185871,15078.1971258771,1643.93231244024,7.28075053589177,90.1691209932073
ssp245_near,NorESM2-MM,206496.797247783,18642.019392313,4537.08498409253,10.0920924713872,80.4259693972002
ssp245_near,UKESM1-0-LL,177001.406196588,29009.4777108788,23665.0177167218,22.9342717521101,55.0731003218652
ssp245_far,ACCESS-CM2,182129.281072929,24202.4957790557,23344.1247722045,20.7016148472813,50.9026624783205
ssp245_far,CMCC-CM2-SR5,186428.920473043,22399.687275127,20847.2938760193,18.8295684681408,51.7947997268089
ssp245_far,CNRM-ESM2-1,207047.549920404,20082.094171787,2546.25753199792,9.85229688607511,88.7474900278662
ssp245_far,EC-Earth3-Veg,201916.172976944,22767.2670643927,4992.46158285237,12.0864785773944,82.0154525057008
ssp245_far,IITM-ESM,218923.076109682,9862.12764682193,890.697867684831,4.68173867544069,91.7166156329499
ssp245_far,KACE-1-0-G,198510.119881205,22702.1178507229,8463.6638922608,13.5694609328145,72.8430880955964
ssp245_far,MIROC6,204604.717349432,20704.5927743519,4366.59150040479,10.915896747313,82.5832260153687
ssp245_far,MPI-ESM1-2-HR,205422.286240603,20520.623321649,3732.99206193645,10.5599304115374,84.6085129870457
ssp245_far,MRI-ESM2-0,199244.39155406,23725.5147769364,6705.99529319201,13.2497618839971,77.9636459783354
ssp245_far,NorESM2-MM,204488.302786336,20476.4011497679,4711.19768808499,10.9665831982088,81.2955664475455
ssp245_far,UKESM1-0-LL,164837.687274033,36904.4245904917,27933.7897596642,28.2303079651119,56.9177065722245
ssp370_nearterm,ACCESS-CM2,215810.085442329,12415.4534690864,1450.3627127738,6.03712278206201,89.5400119707975
ssp370_nearterm,CMCC-CM2-SR5,224843.404235187,4397.37922494493,435.118164056897,2.10405068830821,90.9959979482416
ssp370_nearterm,CNRM-ESM2-1,223630.06711167,5436.31911814521,609.515394373812,2.63233298302737,89.9184241131361
ssp370_nearterm,EC-Earth3-Veg,224454.232874003,4543.27515529263,678.393594893098,2.27349439504096,87.008107420277
ssp370_nearterm,IITM-ESM,222396.873632697,6472.51303776519,806.514953726369,3.16926065817823,88.9200185152592
ssp370_nearterm,KACE-1-0-G,208630.110926718,17859.1008256175,3186.68987185279,9.16325593962699,84.8583029373383
ssp370_nearterm,MIROC6,227292.838794004,2201.09328228015,181.969547904401,1.03757634707532,92.364047409933
ssp370_nearterm,MPI-ESM1-2-HR,224645.773849709,4608.65732208662,421.470452393336,2.19009819441597,91.6210786029802
ssp370_nearterm,MRI-ESM2-0,216299.192578622,12031.5886771658,1345.12036840059,5.82416742504152,89.9443101900582
ssp370_nearterm,NorESM2-MM,224886.542176486,4181.01240080425,608.347046898982,2.08526859537049,87.2979455072908
ssp370_nearterm,UKESM1-0-LL,210911.206846503,16517.5167853621,2247.17799232403,8.1700755912957,88.0244362141385
ssp370_near,ACCESS-CM2,194268.08039993,18580.2010931002,16827.6201311583,15.4164285298835,52.4748500491484
ssp370_near,CMCC-CM2-SR5,204575.895523713,20913.6655731858,4186.34052729007,10.9284456588511,83.3213565346077
ssp370_near,CNRM-ESM2-1,211101.478779082,16291.4043459169,2283.01849918991,8.08723192714382,87.7088051767308
ssp370_near,EC-Earth3-Veg,209155.117011369,17606.3554655416,2914.42914727824,8.93467031922109,85.7976719591047
ssp370_near,IITM-ESM,215208.053734358,13358.698801557,1109.14908827376,6.29924506120109,92.3336967825508
ssp370_near,KACE-1-0-G,204415.928259007,20272.6346333076,4987.33873187373,10.9980947877211,80.2559620322152
ssp370_near,MIROC6,211336.012188661,16587.5568117309,1752.33262379672,7.98511698695172,90.4452388878521
ssp370_near,MPI-ESM1-2-HR,213117.470580224,15111.6833185638,1446.74772540046,7.20947688759194,91.2627728946106
ssp370_near,MRI-ESM2-0,200899.995386435,22606.5832092813,6169.32302847225,12.5289183733514,78.5608036893789
ssp370_near,NorESM2-MM,213656.964465553,13891.9959561543,2126.94120248166,6.97458333475807,86.7223325653974
ssp370_near,UKESM1-0-LL,187389.980806428,26640.5779567217,15645.3428610387,18.411126512938,63.0010590795329
ssp370_far,ACCESS-CM2,135280.844908501,43038.9483932705,51356.1083224174,41.0992429106226,45.5944939181521
ssp370_far,CMCC-CM2-SR5,168775.395485341,31492.7206228819,29407.7855159657,26.5158450269185,51.711755155337
ssp370_far,CNRM-ESM2-1,182428.684178235,26131.0714461117,21116.1459998424,20.5712558922543,55.3071119500379
ssp370_far,EC-Earth3-Veg,158275.286104675,36284.6863462683,35115.9291732454,31.0875520742896,50.8184503484452
ssp370_far,IITM-ESM,201812.177020529,22881.1489746047,4982.57562905456,12.1317580149317,82.1180560031798
ssp370_far,KACE-1-0-G,181435.298799105,24324.84838762,23915.7544374638,21.003772047456,50.4240141356022
ssp370_far,MIROC6,198084.088625827,18438.9100681416,13152.9029302201,13.7549532950367,58.3661028542358
ssp370_far,MPI-ESM1-2-HR,197883.408814519,24278.5060153268,7513.98679434339,13.8423285093667,76.3655311984284
ssp370_far,MRI-ESM2-0,196746.343136728,23581.3500538179,9348.20843364293,14.3374025113625,71.6114978061348
ssp370_far,NorESM2-MM,190531.478548021,20400.8838551491,18743.5392210184,17.0433305363565,52.1169613751948
ssp370_far,UKESM1-0-LL,104869.001432499,48856.0900390365,75950.810152653,54.3404420355371,39.1453436981441
